clean_text,y
"Nada que ver, no cumple",0
Se siente fome,0
La experiencia fue puro humo,0
Francamente es pesado,0
La experiencia fue mal armado,0
Termina siendo malísimo,0
Francamente es mal trato,0
La experiencia fue mal atendido,0
La experiencia fue desordenado,0
La experiencia fue poco claro,0
"Nada que ver, improvisado",0
Termina siendo poco serio,0
La experiencia fue flojo,0
Todo resultó poco claro,0
Se siente no cumple,0
Se siente mal armado,0
Todo resultó poco claro,0
Se siente no cumple,0
La experiencia fue cero empatía,0
Todo resultó mal atendido,0
Termina siendo vale callampa,0
Termina siendo desordenado,0
Se siente decepcionante,0
Francamente es cero empatía,0
Termina siendo confuso,0
"La verdad, bastante poco serio",0
Francamente es frío,0
"En general, improvisado",0
"Nada que ver, no prende",0
Se siente decepcionante,0
La experiencia fue no prende,0
Francamente es poco serio,0
Termina siendo puro humo,0
Francamente es un cacho,0
Se siente desordenado,0
Termina siendo no cumple,0
"Nada que ver, poco serio",0
Termina siendo no cumple,0
"La verdad, bastante flojo",0
Todo resultó no cumple,0
"La verdad, bastante poco profesional",0
Francamente es fome,0
"La verdad, bastante mal armado",0
Todo resultó latero,0
"La verdad, bastante decepcionante",0
Se siente cero empatía,0
Termina siendo no cumple,0
Francamente es no prende,0
Termina siendo desordenado,0
Francamente es pesado,0
Termina siendo improvisado,0
Todo resultó frío,0
"La verdad, bastante confuso",0
Todo resultó no prende,0
La experiencia fue poco serio,0
Termina siendo mal armado,0
"En general, flojo",0
Todo resultó malísimo,0
"La verdad, bastante desordenado",0
Se siente mal armado,0
"En general, puro humo",0
Se siente vale callampa,0
Todo resultó decepcionante,0
"La verdad, bastante no da la talla",0
La experiencia fue mal armado,0
"La verdad, bastante un cacho",0
"La verdad, bastante no da la talla",0
Se siente mal armado,0
"Nada que ver, no cumple",0
Todo resultó poco claro,0
Todo resultó un cacho,0
Francamente es flojo,0
Termina siendo vale callampa,0
Termina siendo vale callampa,0
Todo resultó cero empatía,0
"La verdad, bastante no prende",0
"Nada que ver, poco serio",0
"La verdad, bastante decepcionante",0
La experiencia fue decepcionante,0
"La verdad, bastante un cacho",0
"La verdad, bastante poco profesional",0
Todo resultó fome,0
"La verdad, bastante poco serio",0
"Nada que ver, poco serio",0
"La verdad, bastante flojo",0
Se siente mal atendido,0
Todo resultó frío,0
"Nada que ver, poco profesional",0
Termina siendo fome,0
Se siente poco profesional,0
Se siente un cacho,0
"La verdad, bastante fome",0
"En general, poco serio",0
"La verdad, bastante frío",0
"La verdad, bastante decepcionante",0
Todo resultó confuso,0
Francamente es confuso,0
"La verdad, bastante pesado",0
Francamente es no prende,0
Se siente frío,0
"La verdad, bastante cero empatía",0
"La verdad, bastante desordenado",0
Se siente penca,0
Francamente es poco serio,0
"Nada que ver, no da la talla",0
Todo resultó pesado,0
Francamente es poco serio,0
Se siente poco claro,0
La experiencia fue desordenado,0
Todo resultó pesado,0
"En general, una lata",0
Se siente fome,0
"En general, frío",0
La experiencia fue vale callampa,0
Termina siendo una lata,0
"En general, un cacho",0
"Nada que ver, poco serio",0
La experiencia fue vale callampa,0
Todo resultó poco claro,0
Francamente es vale callampa,0
"La verdad, bastante improvisado",0
Todo resultó pesado,0
"Nada que ver, flojo",0
Francamente es decepcionante,0
"La verdad, bastante penca",0
Se siente confuso,0
La experiencia fue pesado,0
Se siente una lata,0
"En general, mal armado",0
Termina siendo poco profesional,0
Todo resultó improvisado,0
"En general, malísimo",0
Francamente es mal trato,0
"En general, no da la talla",0
"Nada que ver, vale callampa",0
La experiencia fue desordenado,0
La experiencia fue desordenado,0
La experiencia fue puro humo,0
Todo resultó decepcionante,0
Todo resultó desordenado,0
Francamente es vale callampa,0
La experiencia fue malísimo,0
"En general, confuso",0
Se siente mal atendido,0
Se siente mal armado,0
Todo resultó poco serio,0
Se siente cero empatía,0
Termina siendo no prende,0
Termina siendo poco profesional,0
"En general, mal trato",0
Francamente es poco serio,0
Todo resultó confuso,0
Todo resultó fome,0
Francamente es improvisado,0
"Nada que ver, cero empatía",0
Todo resultó fome,0
Se siente no da la talla,0
Se siente decepcionante,0
La experiencia fue improvisado,0
La experiencia fue poco profesional,0
"En general, improvisado",0
Francamente es no da la talla,0
"La verdad, bastante no prende",0
"Nada que ver, latero",0
Se siente frío,0
Francamente es latero,0
Termina siendo malísimo,0
"La verdad, bastante pesado",0
La experiencia fue no prende,0
Se siente puro humo,0
Se siente vale callampa,0
"Nada que ver, desordenado",0
Todo resultó pesado,0
Se siente poco claro,0
"En general, malísimo",0
Todo resultó no da la talla,0
"La verdad, bastante fome",0
La experiencia fue pesado,0
"La verdad, bastante no prende",0
"La verdad, bastante latero",0
La experiencia fue flojo,0
Todo resultó poco serio,0
La experiencia fue no da la talla,0
Termina siendo mal atendido,0
"Nada que ver, penca",0
Francamente es puro humo,0
"En general, decepcionante",0
Francamente es poco profesional,0
Todo resultó mal trato,0
"La verdad, bastante no cumple",0
"Nada que ver, cero empatía",0
"Nada que ver, mal atendido",0
Termina siendo pesado,0
"La verdad, bastante desordenado",0
"La verdad, bastante no da la talla",0
Termina siendo fome,0
Francamente es frío,0
"Nada que ver, un cacho",0
"La verdad, bastante latero",0
Termina siendo no cumple,0
Termina siendo malísimo,0
Francamente es mal armado,0
La experiencia fue desordenado,0
"La verdad, bastante poco serio",0
La experiencia fue no prende,0
Se siente fome,0
La experiencia fue confuso,0
"La verdad, bastante cero empatía",0
Francamente es decepcionante,0
"Nada que ver, una lata",0
Termina siendo poco serio,0
La experiencia fue latero,0
Se siente cero empatía,0
Todo resultó decepcionante,0
Todo resultó vale callampa,0
"La verdad, bastante una lata",0
Termina siendo pesado,0
La experiencia fue latero,0
"La verdad, bastante latero",0
Todo resultó poco profesional,0
Francamente es cero empatía,0
Francamente es desordenado,0
Termina siendo puro humo,0
Se siente mal armado,0
"Nada que ver, poco profesional",0
"La verdad, bastante flojo",0
Se siente fome,0
"En general, penca",0
"La verdad, bastante no cumple",0
La experiencia fue no cumple,0
Se siente malísimo,0
Se siente frío,0
"Nada que ver, confuso",0
Se siente poco profesional,0
Termina siendo penca,0
Termina siendo decepcionante,0
"En general, desordenado",0
Termina siendo mal atendido,0
"En general, decepcionante",0
Se siente poco profesional,0
"La verdad, bastante cero empatía",0
"La verdad, bastante decepcionante",0
"La verdad, bastante latero",0
Se siente desordenado,0
Francamente es una lata,0
Todo resultó vale callampa,0
"En general, vale callampa",0
"La verdad, bastante no da la talla",0
"Nada que ver, puro humo",0
"La verdad, bastante penca",0
Se siente mal atendido,0
Termina siendo flojo,0
"La verdad, bastante latero",0
"En general, penca",0
La experiencia fue no cumple,0
Termina siendo no prende,0
"En general, no da la talla",0
La experiencia fue frío,0
La experiencia fue no da la talla,0
"Nada que ver, desordenado",0
La experiencia fue poco claro,0
"En general, fome",0
"La verdad, bastante flojo",0
Se siente decepcionante,0
Termina siendo vale callampa,0
"La verdad, bastante decepcionante",0
Termina siendo confuso,0
Todo resultó desordenado,0
"En general, mal armado",0
La experiencia fue puro humo,0
Francamente es poco claro,0
"Nada que ver, desordenado",0
Francamente es desordenado,0
"Nada que ver, no cumple",0
"En general, poco profesional",0
Termina siendo poco claro,0
Termina siendo confuso,0
Francamente es una lata,0
Todo resultó puro humo,0
La experiencia fue pesado,0
Termina siendo confuso,0
La experiencia fue mal atendido,0
Se siente latero,0
Se siente un cacho,0
"En general, cero empatía",0
Francamente es mal atendido,0
Se siente desordenado,0
Francamente es penca,0
Termina siendo vale callampa,0
"En general, improvisado",0
"En general, fome",0
"En general, puro humo",0
"La verdad, bastante poco serio",0
Todo resultó puro humo,0
Se siente poco claro,0
Todo resultó no cumple,0
"Nada que ver, un cacho",0
Todo resultó latero,0
"Nada que ver, no prende",0
"La verdad, bastante un cacho",0
Todo resultó no da la talla,0
La experiencia fue no prende,0
"En general, confuso",0
"La verdad, bastante poco claro",0
Francamente es mal armado,0
Se siente pesado,0
Francamente es no prende,0
La experiencia fue flojo,0
Francamente es decepcionante,0
Todo resultó cero empatía,0
La experiencia fue poco claro,0
Se siente no da la talla,0
Todo resultó no da la talla,0
"En general, no prende",0
Termina siendo malísimo,0
Se siente vale callampa,0
Francamente es pesado,0
"La verdad, bastante desordenado",0
La experiencia fue desordenado,0
Todo resultó no da la talla,0
Se siente confuso,0
Francamente es confuso,0
Se siente frío,0
La experiencia fue cero empatía,0
Francamente es no prende,0
"La verdad, bastante poco serio",0
"En general, cero empatía",0
Todo resultó mal trato,0
Todo resultó no prende,0
"En general, latero",0
La experiencia fue desordenado,0
Todo resultó mal atendido,0
Termina siendo malísimo,0
"Nada que ver, poco profesional",0
"Nada que ver, no da la talla",0
"Nada que ver, poco profesional",0
Todo resultó fome,0
La experiencia fue mal atendido,0
"Nada que ver, latero",0
"La verdad, bastante mal trato",0
Todo resultó una lata,0
"Nada que ver, penca",0
"En general, penca",0
Francamente es desordenado,0
Termina siendo confuso,0
Todo resultó cero empatía,0
"Nada que ver, mal atendido",0
Se siente no prende,0
La experiencia fue pesado,0
"La verdad, bastante puro humo",0
Francamente es improvisado,0
Termina siendo puro humo,0
Se siente confuso,0
La experiencia fue malísimo,0
Termina siendo una lata,0
La experiencia fue vale callampa,0
Termina siendo poco claro,0
Francamente es vale callampa,0
"La verdad, bastante no da la talla",0
"La verdad, bastante mal trato",0
"Nada que ver, poco profesional",0
Termina siendo poco profesional,0
Francamente es penca,0
La experiencia fue improvisado,0
"La verdad, bastante decepcionante",0
Se siente penca,0
La experiencia fue mal trato,0
"En general, poco serio",0
"La verdad, bastante mal armado",0
"La verdad, bastante desordenado",0
La experiencia fue fome,0
Todo resultó desordenado,0
Todo resultó poco profesional,0
La experiencia fue desordenado,0
"Nada que ver, un cacho",0
"La verdad, bastante improvisado",0
"En general, pesado",0
"Nada que ver, penca",0
Termina siendo vale callampa,0
"Nada que ver, pesado",0
"En general, penca",0
Todo resultó vale callampa,0
Francamente es fome,0
Francamente es poco claro,0
Todo resultó una lata,0
La experiencia fue latero,0
"Nada que ver, un cacho",0
Todo resultó frío,0
"La verdad, bastante flojo",0
Francamente es un cacho,0
Francamente es una lata,0
"En general, cero empatía",0
La experiencia fue penca,0
Todo resultó no cumple,0
"Nada que ver, improvisado",0
"En general, puro humo",0
Se siente mal atendido,0
Termina siendo poco claro,0
"En general, no cumple",0
"La verdad, bastante mal atendido",0
Termina siendo poco claro,0
Todo resultó poco profesional,0
"La verdad, bastante puro humo",0
"Nada que ver, mal armado",0
La experiencia fue penca,0
Todo resultó penca,0
"En general, pesado",0
Todo resultó flojo,0
Termina siendo decepcionante,0
"En general, confuso",0
"La verdad, bastante no cumple",0
"En general, puro humo",0
Francamente es fome,0
Termina siendo no cumple,0
"Nada que ver, frío",0
Se siente frío,0
Francamente es frío,0
La experiencia fue frío,0
"Nada que ver, una lata",0
Termina siendo no cumple,0
La experiencia fue no prende,0
Francamente es penca,0
"En general, puro humo",0
"La verdad, bastante penca",0
Termina siendo desordenado,0
Termina siendo mal atendido,0
"En general, latero",0
"Nada que ver, poco profesional",0
Se siente vale callampa,0
"En general, pesado",0
"La verdad, bastante improvisado",0
"La verdad, bastante poco serio",0
"Nada que ver, mal trato",0
La experiencia fue mal armado,0
Se siente penca,0
Todo resultó no cumple,0
"Nada que ver, poco serio",0
"La verdad, bastante no da la talla",0
Francamente es latero,0
Termina siendo poco profesional,0
Francamente es mal atendido,0
Termina siendo mal atendido,0
La experiencia fue poco profesional,0
"La verdad, bastante desordenado",0
Todo resultó cero empatía,0
Se siente poco claro,0
Todo resultó frío,0
Todo resultó vale callampa,0
Termina siendo malísimo,0
La experiencia fue poco claro,0
La experiencia fue latero,0
Se siente flojo,0
La experiencia fue no da la talla,0
Todo resultó no da la talla,0
Termina siendo penca,0
La experiencia fue cero empatía,0
"En general, improvisado",0
Termina siendo no prende,0
Francamente es una lata,0
Todo resultó malísimo,0
La experiencia fue frío,0
Todo resultó desordenado,0
Todo resultó malísimo,0
La experiencia fue fome,0
Se siente poco profesional,0
"La verdad, bastante penca",0
Todo resultó mal armado,0
Se siente penca,0
Todo resultó decepcionante,0
"En general, no prende",0
La experiencia fue frío,0
Se siente poco claro,0
Termina siendo latero,0
Francamente es vale callampa,0
Se siente latero,0
Se siente frío,0
Se siente malísimo,0
La experiencia fue mal armado,0
"La verdad, bastante poco claro",0
La experiencia fue desordenado,0
Todo resultó un cacho,0
"En general, mal atendido",0
"En general, mal atendido",0
"La verdad, bastante malísimo",0
Termina siendo vale callampa,0
"En general, mal atendido",0
"La verdad, bastante no prende",0
Termina siendo poco profesional,0
"La verdad, bastante puro humo",0
Todo resultó malísimo,0
Todo resultó improvisado,0
Francamente es mal armado,0
Francamente es un cacho,0
"Nada que ver, latero",0
Francamente es frío,0
Todo resultó penca,0
Se siente confuso,0
La experiencia fue cero empatía,0
"La verdad, bastante poco profesional",0
Termina siendo fome,0
Termina siendo una lata,0
La experiencia fue vale callampa,0
"Nada que ver, poco profesional",0
"Nada que ver, un cacho",0
Se siente poco claro,0
"La verdad, bastante mal armado",0
Todo resultó desordenado,0
"En general, latero",0
La experiencia fue frío,0
"La verdad, bastante improvisado",0
Todo resultó cero empatía,0
Se siente un cacho,0
"Nada que ver, poco profesional",0
"La verdad, bastante no da la talla",0
"Nada que ver, cero empatía",0
Termina siendo una lata,0
"En general, cero empatía",0
Todo resultó cero empatía,0
La experiencia fue decepcionante,0
La experiencia fue penca,0
"En general, vale callampa",0
"En general, poco serio",0
"Nada que ver, improvisado",0
Termina siendo penca,0
"Nada que ver, frío",0
Se siente puro humo,0
Se siente poco claro,0
"Nada que ver, no cumple",0
Todo resultó poco profesional,0
Francamente es cero empatía,0
"Nada que ver, pesado",0
Se siente vale callampa,0
Todo resultó decepcionante,0
Termina siendo no cumple,0
La experiencia fue frío,0
Todo resultó mal trato,0
"Nada que ver, mal trato",0
Termina siendo no da la talla,0
"Nada que ver, puro humo",0
Termina siendo flojo,0
"En general, cero empatía",0
Todo resultó un cacho,0
Todo resultó cero empatía,0
Termina siendo penca,0
Todo resultó fome,0
"En general, latero",0
Termina siendo malísimo,0
"La verdad, bastante flojo",0
La experiencia fue no da la talla,0
"Nada que ver, desordenado",0
"La verdad, bastante malísimo",0
La experiencia fue vale callampa,0
Todo resultó mal trato,0
"Nada que ver, latero",0
La experiencia fue poco serio,0
Francamente es un cacho,0
"Nada que ver, improvisado",0
La experiencia fue decepcionante,0
"La verdad, bastante no da la talla",0
Se siente poco profesional,0
"Nada que ver, flojo",0
Todo resultó latero,0
"Nada que ver, flojo",0
Se siente latero,0
"La verdad, bastante mal atendido",0
"La verdad, bastante decepcionante",0
"La verdad, bastante decepcionante",0
"Nada que ver, cero empatía",0
"La verdad, bastante mal trato",0
Se siente no cumple,0
Francamente es vale callampa,0
La experiencia fue puro humo,0
Todo resultó malísimo,0
Francamente es no da la talla,0
"La verdad, bastante cero empatía",0
Francamente es penca,0
"La verdad, bastante flojo",0
Se siente improvisado,0
Se siente mal atendido,0
Se siente malísimo,0
"Nada que ver, fome",0
"Nada que ver, poco claro",0
La experiencia fue improvisado,0
Termina siendo mal trato,0
"En general, latero",0
"En general, puro humo",0
Se siente no da la talla,0
Francamente es mal trato,0
Todo resultó una lata,0
Francamente es puro humo,0
La experiencia fue no da la talla,0
Termina siendo cero empatía,0
La experiencia fue puro humo,0
"La verdad, bastante cero empatía",0
Se siente un cacho,0
"La verdad, bastante mal atendido",0
"Nada que ver, improvisado",0
Se siente mal armado,0
Francamente es penca,0
"La verdad, bastante poco profesional",0
Todo resultó pesado,0
Se siente desordenado,0
"Nada que ver, fome",0
Se siente puro humo,0
"La verdad, bastante vale callampa",0
Todo resultó puro humo,0
"En general, poco profesional",0
La experiencia fue un cacho,0
"La verdad, bastante flojo",0
Francamente es confuso,0
Se siente cero empatía,0
Termina siendo improvisado,0
"Nada que ver, poco claro",0
La experiencia fue desordenado,0
Termina siendo no cumple,0
Se siente poco claro,0
"En general, fome",0
"En general, puro humo",0
Todo resultó penca,0
"Nada que ver, confuso",0
"La verdad, bastante decepcionante",0
Termina siendo fome,0
Se siente poco profesional,0
Todo resultó vale callampa,0
Todo resultó puro humo,0
"La verdad, bastante puro humo",0
"La verdad, bastante pesado",0
Termina siendo poco profesional,0
Termina siendo poco claro,0
Francamente es mal trato,0
Se siente frío,0
"La verdad, bastante no da la talla",0
"La verdad, bastante desordenado",0
"La verdad, bastante una lata",0
"En general, poco serio",0
Termina siendo confuso,0
La experiencia fue cero empatía,0
Termina siendo poco claro,0
La experiencia fue penca,0
"La verdad, bastante improvisado",0
"Nada que ver, flojo",0
"La verdad, bastante pesado",0
"Nada que ver, una lata",0
"En general, improvisado",0
"En general, penca",0
La experiencia fue frío,0
"En general, no prende",0
"Nada que ver, mal armado",0
Francamente es no cumple,0
"En general, penca",0
Todo resultó mal trato,0
Se siente latero,0
"En general, poco serio",0
"Nada que ver, mal atendido",0
Se siente improvisado,0
Francamente es fome,0
Todo resultó latero,0
"En general, frío",0
"Nada que ver, poco serio",0
Todo resultó no cumple,0
"Nada que ver, improvisado",0
Se siente penca,0
La experiencia fue mal trato,0
Se siente penca,0
"Nada que ver, frío",0
"La verdad, bastante una lata",0
La experiencia fue una lata,0
"La verdad, bastante confuso",0
Termina siendo mal trato,0
"La verdad, bastante vale callampa",0
"En general, no prende",0
La experiencia fue improvisado,0
Se siente no da la talla,0
Todo resultó una lata,0
Termina siendo una lata,0
Se siente latero,0
Termina siendo pesado,0
Francamente es no cumple,0
Francamente es mal atendido,0
Todo resultó vale callampa,0
Todo resultó mal atendido,0
"En general, flojo",0
Termina siendo poco profesional,0
"Nada que ver, mal armado",0
"La verdad, bastante confuso",0
"La verdad, bastante penca",0
Todo resultó latero,0
Se siente pesado,0
"Nada que ver, poco claro",0
"En general, improvisado",0
Todo resultó vale callampa,0
Todo resultó cero empatía,0
"Nada que ver, desordenado",0
"La verdad, bastante malísimo",0
Se siente una lata,0
Se siente flojo,0
Termina siendo frío,0
Francamente es poco profesional,0
La experiencia fue desordenado,0
"En general, malísimo",0
Todo resultó fome,0
Francamente es flojo,0
Todo resultó puro humo,0
Se siente no prende,0
La experiencia fue pesado,0
"Nada que ver, frío",0
"En general, improvisado",0
"La verdad, bastante desordenado",0
Francamente es flojo,0
Francamente es fome,0
Todo resultó poco profesional,0
Termina siendo mal atendido,0
"En general, malísimo",0
La experiencia fue no prende,0
Se siente pesado,0
"En general, pesado",0
Todo resultó un cacho,0
"Nada que ver, latero",0
Todo resultó flojo,0
La experiencia fue desordenado,0
"La verdad, bastante cero empatía",0
Francamente es puro humo,0
Francamente es un cacho,0
"Nada que ver, improvisado",0
Francamente es poco claro,0
"Nada que ver, malísimo",0
Francamente es desordenado,0
Se siente frío,0
"En general, cero empatía",0
"En general, un cacho",0
Se siente fome,0
"En general, malísimo",0
Termina siendo flojo,0
Francamente es vale callampa,0
"Nada que ver, penca",0
Todo resultó poco serio,0
"Nada que ver, puro humo",0
Termina siendo mal atendido,0
Termina siendo poco claro,0
Termina siendo fome,0
"La verdad, bastante puro humo",0
"La verdad, bastante desordenado",0
Se siente mal armado,0
Se siente confuso,0
La experiencia fue frío,0
Se siente fome,0
Francamente es no da la talla,0
Se siente no cumple,0
La experiencia fue vale callampa,0
La experiencia fue vale callampa,0
Francamente es no cumple,0
Termina siendo mal armado,0
"Nada que ver, frío",0
Termina siendo flojo,0
Todo resultó fome,0
"La verdad, bastante cero empatía",0
Se siente mal trato,0
Francamente es latero,0
"En general, no da la talla",0
"En general, latero",0
Termina siendo un cacho,0
Francamente es no prende,0
"La verdad, bastante una lata",0
Termina siendo desordenado,0
Francamente es frío,0
"En general, desordenado",0
Francamente es mal atendido,0
Francamente es puro humo,0
Francamente es flojo,0
Francamente es puro humo,0
Todo resultó poco serio,0
"En general, pesado",0
Termina siendo cero empatía,0
"Nada que ver, poco claro",0
Todo resultó desordenado,0
Todo resultó mal atendido,0
Termina siendo no prende,0
"Nada que ver, poco serio",0
Se siente malísimo,0
Francamente es mal atendido,0
Todo resultó frío,0
Se siente poco serio,0
"La verdad, bastante una lata",0
"Nada que ver, puro humo",0
Todo resultó latero,0
"La verdad, bastante improvisado",0
"Nada que ver, un cacho",0
"Nada que ver, no cumple",0
"Nada que ver, no da la talla",0
"En general, latero",0
La experiencia fue confuso,0
Francamente es mal trato,0
"La verdad, bastante malísimo",0
La experiencia fue un cacho,0
Todo resultó fome,0
Francamente es mal armado,0
"Nada que ver, vale callampa",0
"En general, flojo",0
Todo resultó poco claro,0
Todo resultó vale callampa,0
"En general, flojo",0
"La verdad, bastante poco claro",0
"En general, improvisado",0
Francamente es no prende,0
"Nada que ver, una lata",0
"En general, desordenado",0
Francamente es una lata,0
"La verdad, bastante poco claro",0
"La verdad, bastante mal armado",0
"La verdad, bastante cero empatía",0
Termina siendo mal trato,0
"Nada que ver, pesado",0
La experiencia fue improvisado,0
Se siente no cumple,0
"En general, flojo",0
"En general, poco claro",0
"En general, no prende",0
"La verdad, bastante pesado",0
La experiencia fue flojo,0
Francamente es decepcionante,0
Francamente es poco claro,0
"En general, no prende",0
Se siente malísimo,0
"Nada que ver, cero empatía",0
"En general, poco claro",0
Todo resultó mal armado,0
La experiencia fue una lata,0
"En general, vale callampa",0
Termina siendo no da la talla,0
Francamente es puro humo,0
Se siente confuso,0
Todo resultó penca,0
"Nada que ver, malísimo",0
"En general, mal atendido",0
Todo resultó mal atendido,0
"La verdad, bastante malísimo",0
Francamente es penca,0
Termina siendo fome,0
La experiencia fue malísimo,0
"La verdad, bastante fome",0
Termina siendo poco serio,0
"En general, mal atendido",0
La experiencia fue flojo,0
Todo resultó no cumple,0
"En general, decepcionante",0
"Nada que ver, mal trato",0
La experiencia fue decepcionante,0
La experiencia fue un cacho,0
"Nada que ver, no da la talla",0
Termina siendo mal armado,0
Francamente es una lata,0
"Nada que ver, poco claro",0
Todo resultó poco serio,0
Todo resultó mal trato,0
"En general, puro humo",0
"La verdad, bastante improvisado",0
Termina siendo mal atendido,0
Se siente confuso,0
"En general, mal atendido",0
Todo resultó poco profesional,0
Termina siendo improvisado,0
"La verdad, bastante no da la talla",0
Termina siendo poco profesional,0
Todo resultó confuso,0
Todo resultó no cumple,0
"Nada que ver, malísimo",0
Se siente vale callampa,0
Todo resultó improvisado,0
"Nada que ver, poco serio",0
Francamente es poco profesional,0
Francamente es cero empatía,0
Se siente flojo,0
"En general, pesado",0
Termina siendo poco claro,0
"En general, vale callampa",0
La experiencia fue no cumple,0
La experiencia fue flojo,0
Se siente mal trato,0
"Nada que ver, poco serio",0
"Nada que ver, poco serio",0
"La verdad, bastante una lata",0
"La verdad, bastante poco profesional",0
"La verdad, bastante flojo",0
"En general, poco serio",0
Termina siendo vale callampa,0
Se siente decepcionante,0
Todo resultó mal atendido,0
Todo resultó latero,0
"Nada que ver, malísimo",0
La experiencia fue latero,0
Se siente vale callampa,0
"La verdad, bastante fome",0
La experiencia fue una lata,0
Todo resultó penca,0
Todo resultó fome,0
Se siente una lata,0
Termina siendo confuso,0
"Nada que ver, pesado",0
"Nada que ver, poco claro",0
Termina siendo latero,0
Francamente es cero empatía,0
Todo resultó puro humo,0
"Nada que ver, una lata",0
"En general, no da la talla",0
"Nada que ver, penca",0
Todo resultó mal trato,0
Se siente poco claro,0
"En general, poco serio",0
Se siente latero,0
Todo resultó flojo,0
"La verdad, bastante poco claro",0
Termina siendo puro humo,0
"En general, latero",0
Termina siendo no da la talla,0
Francamente es una lata,0
"En general, latero",0
Se siente mal trato,0
"Nada que ver, no prende",0
La experiencia fue no cumple,0
Termina siendo una lata,0
Francamente es frío,0
La experiencia fue poco claro,0
Se siente flojo,0
La experiencia fue no cumple,0
Francamente es mal trato,0
"Nada que ver, malísimo",0
"La verdad, bastante puro humo",0
Francamente es poco profesional,0
Se siente no prende,0
Se siente mal trato,0
Todo resultó desordenado,0
Se siente pesado,0
Todo resultó frío,0
"En general, confuso",0
Termina siendo flojo,0
"En general, frío",0
La experiencia fue latero,0
"Nada que ver, una lata",0
Todo resultó decepcionante,0
"En general, no cumple",0
Todo resultó no cumple,0
"En general, flojo",0
Termina siendo confuso,0
"La verdad, bastante latero",0
"En general, no cumple",0
Francamente es confuso,0
Todo resultó no cumple,0
"La verdad, bastante poco serio",0
Francamente es malísimo,0
"Nada que ver, no prende",0
Todo resultó confuso,0
Se siente poco profesional,0
Francamente es improvisado,0
Termina siendo puro humo,0
"En general, mal atendido",0
Todo resultó cero empatía,0
Se siente mal armado,0
Francamente es poco profesional,0
Todo resultó frío,0
"En general, cero empatía",0
"En general, no prende",0
Francamente es penca,0
La experiencia fue poco claro,0
La experiencia fue frío,0
"La verdad, bastante no cumple",0
Termina siendo desordenado,0
La experiencia fue poco serio,0
"La verdad, bastante malísimo",0
La experiencia fue una lata,0
Se siente poco profesional,0
Termina siendo latero,0
La experiencia fue poco profesional,0
"Nada que ver, puro humo",0
Se siente decepcionante,0
La experiencia fue frío,0
Termina siendo vale callampa,0
Todo resultó vale callampa,0
"Nada que ver, decepcionante",0
"En general, latero",0
Todo resultó vale callampa,0
"La verdad, bastante latero",0
Se siente cero empatía,0
"La verdad, bastante vale callampa",0
Se siente no da la talla,0
"En general, un cacho",0
Francamente es latero,0
Todo resultó vale callampa,0
Todo resultó un cacho,0
"La verdad, bastante puro humo",0
"La verdad, bastante puro humo",0
La experiencia fue penca,0
Todo resultó decepcionante,0
"La verdad, bastante mal trato",0
Termina siendo malísimo,0
Termina siendo cero empatía,0
"Nada que ver, poco claro",0
"En general, mal trato",0
Francamente es confuso,0
Francamente es no da la talla,0
Termina siendo frío,0
Se siente cero empatía,0
La experiencia fue pesado,0
Francamente es penca,0
La experiencia fue penca,0
"La verdad, bastante puro humo",0
"Nada que ver, pesado",0
"Nada que ver, desordenado",0
"Nada que ver, pesado",0
Francamente es latero,0
"La verdad, bastante frío",0
La experiencia fue improvisado,0
La experiencia fue desordenado,0
Todo resultó puro humo,0
"Nada que ver, vale callampa",0
"La verdad, bastante mal atendido",0
"Nada que ver, poco profesional",0
Francamente es mal armado,0
La experiencia fue mal trato,0
"Nada que ver, puro humo",0
La experiencia fue no prende,0
Francamente es cero empatía,0
La experiencia fue una lata,0
La experiencia fue malísimo,0
Se siente fome,0
"Nada que ver, mal armado",0
Se siente frío,0
Francamente es flojo,0
"Nada que ver, malísimo",0
Termina siendo flojo,0
"La verdad, bastante puro humo",0
Todo resultó decepcionante,0
Termina siendo poco profesional,0
"Nada que ver, un cacho",0
"Nada que ver, puro humo",0
"La verdad, bastante latero",0
"Nada que ver, flojo",0
"La verdad, bastante no cumple",0
Se siente poco profesional,0
Todo resultó cero empatía,0
"La verdad, bastante malísimo",0
"Nada que ver, decepcionante",0
Termina siendo latero,0
Termina siendo poco claro,0
La experiencia fue mal trato,0
Francamente es una lata,0
"En general, penca",0
"En general, fome",0
La experiencia fue mal armado,0
"En general, poco serio",0
La experiencia fue pesado,0
Todo resultó no cumple,0
"En general, poco serio",0
"En general, desordenado",0
Todo resultó no da la talla,0
"Nada que ver, puro humo",0
Termina siendo mal trato,0
"En general, decepcionante",0
Francamente es mal trato,0
"La verdad, bastante no da la talla",0
Francamente es frío,0
"La verdad, bastante penca",0
Francamente es cero empatía,0
"En general, vale callampa",0
"Nada que ver, desordenado",0
La experiencia fue fome,0
Todo resultó mal atendido,0
"Nada que ver, decepcionante",0
"En general, mal atendido",0
Se siente un cacho,0
"Nada que ver, no cumple",0
Se siente malísimo,0
"Nada que ver, frío",0
Francamente es una lata,0
"En general, pesado",0
Todo resultó confuso,0
Termina siendo mal trato,0
"La verdad, bastante penca",0
Termina siendo pesado,0
Todo resultó mal atendido,0
Termina siendo desordenado,0
Todo resultó no prende,0
"Nada que ver, improvisado",0
Se siente desordenado,0
"En general, una lata",0
Francamente es una lata,0
Se siente una lata,0
La experiencia fue no da la talla,0
Francamente es fome,0
La experiencia fue mal atendido,0
Se siente un cacho,0
Todo resultó no prende,0
"Nada que ver, poco serio",0
"La verdad, bastante improvisado",0
Francamente es pesado,0
Todo resultó puro humo,0
"Nada que ver, una lata",0
"Nada que ver, poco profesional",0
Se siente pesado,0
Termina siendo poco profesional,0
"En general, malísimo",0
Todo resultó puro humo,0
Francamente es malísimo,0
Francamente es confuso,0
Todo resultó poco serio,0
Se siente latero,0
Todo resultó poco claro,0
"En general, mal atendido",0
Se siente fome,0
La experiencia fue cero empatía,0
Todo resultó improvisado,0
"En general, una lata",0
"La verdad, bastante poco serio",0
La experiencia fue poco claro,0
La experiencia fue mal trato,0
"La verdad, bastante mal trato",0
La experiencia fue desordenado,0
"Nada que ver, mal trato",0
"Nada que ver, confuso",0
La experiencia fue un cacho,0
Se siente no prende,0
"La verdad, bastante poco claro",0
Termina siendo poco serio,0
Termina siendo fome,0
Se siente poco serio,0
Termina siendo flojo,0
Termina siendo una lata,0
La experiencia fue pesado,0
Termina siendo vale callampa,0
"Nada que ver, malísimo",0
"La verdad, bastante mal atendido",0
Francamente es un cacho,0
"En general, decepcionante",0
Francamente es confuso,0
Todo resultó una lata,0
"La verdad, bastante no prende",0
"En general, fome",0
Francamente es penca,0
Se siente poco serio,0
Termina siendo frío,0
"Nada que ver, frío",0
"La verdad, bastante una lata",0
"Nada que ver, flojo",0
Francamente es penca,0
Todo resultó mal trato,0
Todo resultó no da la talla,0
"En general, no da la talla",0
"En general, mal armado",0
La experiencia fue frío,0
"En general, flojo",0
"En general, desordenado",0
Francamente es frío,0
"Nada que ver, frío",0
"Nada que ver, poco profesional",0
"La verdad, bastante cero empatía",0
"La verdad, bastante flojo",0
Termina siendo improvisado,0
Francamente es mal atendido,0
"Nada que ver, mal trato",0
Todo resultó frío,0
Se siente confuso,0
Francamente es una lata,0
Francamente es no prende,0
Todo resultó penca,0
Termina siendo fome,0
Francamente es improvisado,0
Francamente es mal armado,0
Termina siendo latero,0
Se siente no da la talla,0
La experiencia fue pesado,0
Termina siendo mal trato,0
"En general, mal armado",0
Termina siendo improvisado,0
Termina siendo fome,0
Francamente es poco claro,0
Se siente puro humo,0
"En general, puro humo",0
Francamente es mal trato,0
La experiencia fue confuso,0
Se siente latero,0
Francamente es mal trato,0
La experiencia fue puro humo,0
"Nada que ver, fome",0
Francamente es cero empatía,0
Todo resultó penca,0
Se siente malísimo,0
Todo resultó malísimo,0
La experiencia fue flojo,0
Todo resultó mal trato,0
Francamente es malísimo,0
"En general, no cumple",0
Se siente vale callampa,0
Termina siendo vale callampa,0
Francamente es mal armado,0
Se siente confuso,0
"La verdad, bastante cero empatía",0
Francamente es mal armado,0
Termina siendo flojo,0
"La verdad, bastante flojo",0
Termina siendo un cacho,0
La experiencia fue mal armado,0
Francamente es una lata,0
Se siente flojo,0
La experiencia fue mal armado,0
Todo resultó confuso,0
Se siente no cumple,0
"La verdad, bastante no prende",0
Termina siendo latero,0
Se siente poco serio,0
La experiencia fue latero,0
"La verdad, bastante penca",0
"Nada que ver, vale callampa",0
"En general, no cumple",0
"La verdad, bastante una lata",0
Todo resultó penca,0
"Nada que ver, no cumple",0
La experiencia fue mal atendido,0
"En general, mal trato",0
Se siente mal atendido,0
"En general, mal atendido",0
Todo resultó un cacho,0
"Nada que ver, no cumple",0
"En general, mal armado",0
Termina siendo no prende,0
"La verdad, bastante flojo",0
Termina siendo latero,0
Todo resultó latero,0
Termina siendo mal trato,0
Termina siendo poco serio,0
Francamente es puro humo,0
"La verdad, bastante malísimo",0
Francamente es latero,0
Termina siendo confuso,0
"La verdad, bastante mal atendido",0
"En general, poco claro",0
"En general, un cacho",0
La experiencia fue decepcionante,0
"La verdad, bastante cero empatía",0
"Nada que ver, no cumple",0
Francamente es mal trato,0
"Nada que ver, latero",0
"La verdad, bastante malísimo",0
"La verdad, bastante decepcionante",0
Termina siendo frío,0
"La verdad, bastante un cacho",0
La experiencia fue flojo,0
Francamente es frío,0
"La verdad, bastante poco profesional",0
Francamente es mal armado,0
Francamente es puro humo,0
"En general, poco serio",0
"En general, vale callampa",0
"La verdad, bastante no cumple",0
"En general, flojo",0
Todo resultó malísimo,0
La experiencia fue flojo,0
"Nada que ver, fome",0
Francamente es latero,0
Termina siendo fome,0
"Nada que ver, no prende",0
Termina siendo una lata,0
Se siente penca,0
Todo resultó flojo,0
"Nada que ver, un cacho",0
"La verdad, bastante desordenado",0
"En general, mal trato",0
"En general, poco serio",0
Francamente es poco claro,0
La experiencia fue no cumple,0
"La verdad, bastante malísimo",0
Francamente es una lata,0
"En general, mal armado",0
"En general, frío",0
"En general, penca",0
Termina siendo fome,0
Se siente frío,0
"Nada que ver, penca",0
Termina siendo desordenado,0
Termina siendo no cumple,0
Francamente es malísimo,0
"Nada que ver, cero empatía",0
Se siente confuso,0
Todo resultó decepcionante,0
Francamente es cero empatía,0
Termina siendo una lata,0
"La verdad, bastante poco claro",0
"La verdad, bastante poco profesional",0
Se siente desordenado,0
Termina siendo mal armado,0
Se siente poco claro,0
Francamente es desordenado,0
La experiencia fue malísimo,0
La experiencia fue decepcionante,0
Se siente no da la talla,0
"La verdad, bastante confuso",0
Se siente poco serio,0
Todo resultó no cumple,0
Se siente poco claro,0
"En general, fome",0
"En general, mal armado",0
"Nada que ver, poco profesional",0
"La verdad, bastante desordenado",0
Todo resultó malísimo,0
La experiencia fue una lata,0
"En general, desordenado",0
La experiencia fue penca,0
Termina siendo confuso,0
Termina siendo decepcionante,0
"Nada que ver, pesado",0
"Nada que ver, fome",0
Francamente es no cumple,0
Francamente es no prende,0
"Nada que ver, no prende",0
Termina siendo frío,0
Se siente no prende,0
Francamente es decepcionante,0
Termina siendo no cumple,0
"La verdad, bastante no prende",0
Francamente es mal armado,0
Termina siendo vale callampa,0
Termina siendo poco profesional,0
"En general, cero empatía",0
La experiencia fue fome,0
La experiencia fue pesado,0
"Nada que ver, no prende",0
"Nada que ver, no cumple",0
La experiencia fue mal armado,0
Francamente es fome,0
Todo resultó poco serio,0
Termina siendo un cacho,0
Termina siendo improvisado,0
Termina siendo cero empatía,0
"En general, latero",0
Francamente es latero,0
Todo resultó fome,0
Termina siendo puro humo,0
"Nada que ver, no da la talla",0
"La verdad, bastante vale callampa",0
"La verdad, bastante puro humo",0
Francamente es latero,0
La experiencia fue vale callampa,0
La experiencia fue desordenado,0
"En general, cero empatía",0
Francamente es penca,0
"La verdad, bastante no prende",0
La experiencia fue frío,0
La experiencia fue confuso,0
"La verdad, bastante flojo",0
Se siente flojo,0
"En general, latero",0
Termina siendo una lata,0
"En general, mal armado",0
Todo resultó pesado,0
"Nada que ver, malísimo",0
Se siente poco claro,0
Todo resultó una lata,0
"En general, fome",0
Se siente no prende,0
Todo resultó no cumple,0
"En general, un cacho",0
La experiencia fue una lata,0
Todo resultó un cacho,0
La experiencia fue vale callampa,0
La experiencia fue cero empatía,0
Todo resultó no prende,0
Se siente confuso,0
Francamente es improvisado,0
"Nada que ver, no da la talla",0
Todo resultó desordenado,0
La experiencia fue cero empatía,0
"Nada que ver, fome",0
La experiencia fue poco claro,0
Todo resultó cero empatía,0
Se siente desordenado,0
"En general, flojo",0
Termina siendo mal armado,0
"Nada que ver, mal trato",0
La experiencia fue vale callampa,0
Francamente es una lata,0
Francamente es malísimo,0
Francamente es poco serio,0
Se siente improvisado,0
La experiencia fue poco serio,0
Todo resultó decepcionante,0
Termina siendo poco claro,0
La experiencia fue puro humo,0
"La verdad, bastante no prende",0
"La verdad, bastante un cacho",0
Se siente poco claro,0
Termina siendo frío,0
Termina siendo cero empatía,0
Se siente puro humo,0
"La verdad, bastante cero empatía",0
La experiencia fue mal armado,0
"En general, desordenado",0
La experiencia fue flojo,0
Se siente confuso,0
"La verdad, bastante poco profesional",0
"En general, mal trato",0
"En general, una lata",0
Termina siendo pesado,0
Termina siendo vale callampa,0
"En general, no prende",0
"En general, malísimo",0
La experiencia fue confuso,0
"En general, no cumple",0
"Nada que ver, cero empatía",0
Todo resultó improvisado,0
La experiencia fue no prende,0
"Nada que ver, mal atendido",0
Todo resultó poco claro,0
Francamente es puro humo,0
"En general, desordenado",0
Termina siendo mal atendido,0
Termina siendo poco claro,0
La experiencia fue latero,0
"La verdad, bastante confuso",0
Todo resultó poco serio,0
Se siente no cumple,0
Todo resultó fome,0
"Nada que ver, no cumple",0
"Nada que ver, fome",0
"Nada que ver, pesado",0
"En general, latero",0
"Nada que ver, no da la talla",0
La experiencia fue no cumple,0
La experiencia fue no prende,0
"La verdad, bastante penca",0
"La verdad, bastante no da la talla",0
Francamente es puro humo,0
"Nada que ver, no prende",0
Termina siendo decepcionante,0
"Nada que ver, poco serio",0
Se siente confuso,0
Francamente es penca,0
"En general, poco claro",0
"Nada que ver, mal trato",0
Termina siendo no da la talla,0
La experiencia fue cero empatía,0
Francamente es mal atendido,0
Se siente cero empatía,0
La experiencia fue poco serio,0
Todo resultó poco profesional,0
"En general, penca",0
"La verdad, bastante malísimo",0
"En general, frío",0
Todo resultó no da la talla,0
La experiencia fue desordenado,0
La experiencia fue no da la talla,0
Termina siendo no prende,0
La experiencia fue confuso,0
"En general, confuso",0
La experiencia fue cero empatía,0
Termina siendo desordenado,0
"En general, poco serio",0
Francamente es no cumple,0
La experiencia fue latero,0
"Nada que ver, latero",0
"En general, malísimo",0
Se siente puro humo,0
Termina siendo mal trato,0
Francamente es una lata,0
"La verdad, bastante desordenado",0
Francamente es poco serio,0
"La verdad, bastante cero empatía",0
Francamente es puro humo,0
"La verdad, bastante pesado",0
Se siente no da la talla,0
"La verdad, bastante no cumple",0
Francamente es frío,0
"En general, una lata",0
"Nada que ver, improvisado",0
Se siente pesado,0
"La verdad, bastante poco serio",0
"En general, improvisado",0
"En general, latero",0
La experiencia fue poco serio,0
"La verdad, bastante cero empatía",0
Termina siendo poco serio,0
Todo resultó una lata,0
La experiencia fue no prende,0
"La verdad, bastante fome",0
Francamente es poco serio,0
"En general, fome",0
"En general, no prende",0
Se siente una lata,0
"La verdad, bastante no da la talla",0
Francamente es poco serio,0
Todo resultó flojo,0
Todo resultó malísimo,0
Todo resultó poco serio,0
"En general, penca",0
Termina siendo no da la talla,0
La experiencia fue malísimo,0
Se siente pesado,0
"La verdad, bastante mal atendido",0
Se siente pesado,0
"La verdad, bastante puro humo",0
"La verdad, bastante fome",0
"En general, improvisado",0
"En general, vale callampa",0
Se siente mal armado,0
"La verdad, bastante fome",0
"Nada que ver, mal armado",0
Se siente latero,0
La experiencia fue confuso,0
"Nada que ver, latero",0
"La verdad, bastante un cacho",0
La experiencia fue decepcionante,0
"Nada que ver, poco profesional",0
"En general, un cacho",0
"Nada que ver, no da la talla",0
"Nada que ver, malísimo",0
Se siente poco profesional,0
Termina siendo frío,0
"En general, un cacho",0
Termina siendo mal armado,0
Se siente no da la talla,0
Francamente es latero,0
Termina siendo poco serio,0
"Nada que ver, mal trato",0
Se siente confuso,0
Se siente no da la talla,0
Se siente no prende,0
"En general, puro humo",0
"Nada que ver, frío",0
Francamente es malísimo,0
"Nada que ver, vale callampa",0
Francamente es latero,0
Todo resultó poco claro,0
Se siente mal armado,0
Todo resultó cero empatía,0
Francamente es poco serio,0
La experiencia fue no da la talla,0
"Nada que ver, pesado",0
Todo resultó poco claro,0
Se siente confuso,0
"En general, puro humo",0
Todo resultó no da la talla,0
La experiencia fue no da la talla,0
Francamente es vale callampa,0
Termina siendo mal armado,0
Termina siendo penca,0
Termina siendo desordenado,0
Todo resultó cero empatía,0
"En general, vale callampa",0
"En general, un cacho",0
"Nada que ver, puro humo",0
Termina siendo decepcionante,0
"En general, flojo",0
La experiencia fue un cacho,0
"Nada que ver, no prende",0
"La verdad, bastante decepcionante",0
"La verdad, bastante decepcionante",0
"Nada que ver, improvisado",0
Se siente mal armado,0
Se siente fome,0
Termina siendo poco profesional,0
"Nada que ver, frío",0
"Nada que ver, vale callampa",0
Se siente poco profesional,0
Francamente es penca,0
Se siente decepcionante,0
"En general, no da la talla",0
Todo resultó fome,0
Francamente es mal armado,0
Todo resultó no cumple,0
"En general, malísimo",0
Todo resultó no prende,0
Se siente latero,0
"Nada que ver, un cacho",0
Todo resultó confuso,0
"Nada que ver, puro humo",0
Todo resultó mal trato,0
Se siente cero empatía,0
"Nada que ver, penca",0
Francamente es fome,0
Todo resultó fome,0
"En general, cero empatía",0
Todo resultó poco serio,0
"En general, fome",0
"La verdad, bastante un cacho",0
La experiencia fue mal atendido,0
Se siente poco serio,0
Se siente mal trato,0
"En general, poco serio",0
"Nada que ver, poco claro",0
"La verdad, bastante cero empatía",0
La experiencia fue improvisado,0
Francamente es no cumple,0
Termina siendo poco profesional,0
La experiencia fue un cacho,0
"En general, improvisado",0
"Nada que ver, improvisado",0
Termina siendo penca,0
La experiencia fue un cacho,0
"La verdad, bastante desordenado",0
Todo resultó vale callampa,0
Francamente es desordenado,0
Se siente decepcionante,0
"En general, malísimo",0
"La verdad, bastante cero empatía",0
"En general, vale callampa",0
Se siente decepcionante,0
"Nada que ver, penca",0
"En general, poco claro",0
"Nada que ver, latero",0
"En general, latero",0
"Nada que ver, penca",0
"En general, mal trato",0
Francamente es mal trato,0
Francamente es decepcionante,0
"En general, mal armado",0
Francamente es latero,0
Termina siendo frío,0
"Nada que ver, puro humo",0
"Nada que ver, no cumple",0
"En general, latero",0
"En general, poco serio",0
Francamente es mal atendido,0
Todo resultó decepcionante,0
La experiencia fue no cumple,0
Todo resultó mal atendido,0
Francamente es no prende,0
La experiencia fue improvisado,0
Francamente es un cacho,0
"Nada que ver, puro humo",0
Todo resultó flojo,0
La experiencia fue poco serio,0
Todo resultó fome,0
"Nada que ver, latero",0
"La verdad, bastante pesado",0
"La verdad, bastante puro humo",0
La experiencia fue fome,0
La experiencia fue una lata,0
"Nada que ver, flojo",0
Francamente es mal atendido,0
Todo resultó poco serio,0
Termina siendo una lata,0
"En general, una lata",0
Termina siendo una lata,0
Todo resultó pesado,0
Termina siendo poco serio,0
Termina siendo malísimo,0
"La verdad, bastante pesado",0
"Nada que ver, decepcionante",0
"La verdad, bastante flojo",0
"En general, penca",0
"Nada que ver, mal trato",0
"La verdad, bastante poco profesional",0
"En general, mal atendido",0
Todo resultó mal trato,0
Todo resultó improvisado,0
Francamente es improvisado,0
Todo resultó poco claro,0
Francamente es un cacho,0
"Nada que ver, decepcionante",0
Francamente es confuso,0
"En general, desordenado",0
Se siente no cumple,0
"En general, puro humo",0
Se siente flojo,0
"Nada que ver, fome",0
"La verdad, bastante mal armado",0
Todo resultó frío,0
Todo resultó mal armado,0
"La verdad, bastante mal trato",0
"En general, poco claro",0
La experiencia fue mal atendido,0
La experiencia fue pesado,0
"Nada que ver, improvisado",0
"Nada que ver, mal atendido",0
Termina siendo pesado,0
Francamente es mal trato,0
"Nada que ver, malísimo",0
Todo resultó fome,0
"Nada que ver, mal armado",0
Francamente es no cumple,0
Se siente una lata,0
La experiencia fue vale callampa,0
Termina siendo improvisado,0
La experiencia fue latero,0
"En general, mal armado",0
Se siente poco claro,0
Todo resultó mal armado,0
"La verdad, bastante malísimo",0
"La verdad, bastante cero empatía",0
Todo resultó malísimo,0
Todo resultó no cumple,0
"La verdad, bastante decepcionante",0
Todo resultó flojo,0
Francamente es malísimo,0
"En general, flojo",0
La experiencia fue no da la talla,0
Todo resultó poco claro,0
Se siente penca,0
La experiencia fue mal trato,0
La experiencia fue fome,0
Termina siendo improvisado,0
"Nada que ver, fome",0
Francamente es un cacho,0
"La verdad, bastante no da la talla",0
Todo resultó frío,0
Francamente es desordenado,0
Termina siendo poco serio,0
Se siente mal armado,0
La experiencia fue un cacho,0
"La verdad, bastante decepcionante",0
"En general, no prende",0
La experiencia fue vale callampa,0
"En general, fome",0
Se siente mal trato,0
Francamente es no prende,0
Se siente puro humo,0
"Nada que ver, flojo",0
La experiencia fue pesado,0
Francamente es decepcionante,0
"En general, poco claro",0
"La verdad, bastante malísimo",0
"La verdad, bastante no prende",0
Todo resultó confuso,0
"En general, un cacho",0
"La verdad, bastante poco serio",0
La experiencia fue vale callampa,0
Se siente improvisado,0
Todo resultó no prende,0
Se siente fome,0
Termina siendo desordenado,0
Francamente es desordenado,0
"En general, decepcionante",0
La experiencia fue frío,0
Termina siendo latero,0
La experiencia fue mal armado,0
La experiencia fue decepcionante,0
Francamente es poco profesional,0
"Nada que ver, improvisado",0
"En general, flojo",0
"En general, vale callampa",0
Se siente fome,0
"En general, flojo",0
"Nada que ver, desordenado",0
"En general, poco profesional",0
"En general, mal trato",0
Se siente poco claro,0
"En general, un cacho",0
Todo resultó malísimo,0
Termina siendo pesado,0
Se siente frío,0
Francamente es no cumple,0
Francamente es no prende,0
La experiencia fue poco profesional,0
Termina siendo malísimo,0
Termina siendo vale callampa,0
"En general, un cacho",0
"Nada que ver, poco claro",0
Francamente es frío,0
"La verdad, bastante penca",0
Termina siendo latero,0
Todo resultó confuso,0
Termina siendo latero,0
Francamente es puro humo,0
Termina siendo fome,0
Termina siendo frío,0
La experiencia fue penca,0
Francamente es pesado,0
Todo resultó no cumple,0
Se siente desordenado,0
La experiencia fue mal atendido,0
"En general, una lata",0
La experiencia fue poco serio,0
"La verdad, bastante desordenado",0
Termina siendo decepcionante,0
"Nada que ver, una lata",0
Termina siendo decepcionante,0
La experiencia fue fome,0
La experiencia fue pesado,0
"En general, malísimo",0
"Nada que ver, no prende",0
"La verdad, bastante penca",0
"En general, cero empatía",0
"En general, frío",0
"La verdad, bastante vale callampa",0
"En general, frío",0
"La verdad, bastante no da la talla",0
La experiencia fue mal armado,0
Francamente es mal trato,0
Francamente es pesado,0
"En general, poco claro",0
"Nada que ver, pesado",0
Termina siendo pesado,0
"La verdad, bastante pesado",0
Francamente es no prende,0
"Nada que ver, decepcionante",0
"En general, poco claro",0
Termina siendo decepcionante,0
La experiencia fue flojo,0
Francamente es poco serio,0
"La verdad, bastante cero empatía",0
Francamente es no cumple,0
Francamente es vale callampa,0
Francamente es no cumple,0
"Nada que ver, confuso",0
"En general, confuso",0
Termina siendo poco serio,0
Se siente un cacho,0
Termina siendo frío,0
Termina siendo decepcionante,0
Se siente desordenado,0
Todo resultó mal atendido,0
Francamente es mal trato,0
"Nada que ver, malísimo",0
Termina siendo confuso,0
Francamente es poco profesional,0
"La verdad, bastante poco profesional",0
Todo resultó puro humo,0
La experiencia fue decepcionante,0
Termina siendo fome,0
La experiencia fue penca,0
"En general, poco serio",0
Francamente es un cacho,0
Todo resultó una lata,0
La experiencia fue vale callampa,0
Se siente cero empatía,0
Todo resultó poco profesional,0
"Nada que ver, puro humo",0
Termina siendo puro humo,0
Termina siendo mal atendido,0
"En general, no cumple",0
Se siente mal atendido,0
Francamente es flojo,0
Termina siendo flojo,0
Se siente mal trato,0
"Nada que ver, poco claro",0
La experiencia fue una lata,0
"La verdad, bastante latero",0
"Nada que ver, pesado",0
"Nada que ver, latero",0
La experiencia fue confuso,0
"En general, malísimo",0
Se siente mal atendido,0
"En general, no cumple",0
"Nada que ver, poco profesional",0
"En general, desordenado",0
La experiencia fue mal trato,0
La experiencia fue pesado,0
Se siente improvisado,0
"Nada que ver, malísimo",0
Se siente no cumple,0
Francamente es confuso,0
Francamente es penca,0
"Nada que ver, improvisado",0
Todo resultó malísimo,0
"En general, poco claro",0
"En general, no cumple",0
"En general, desordenado",0
Termina siendo cero empatía,0
"Nada que ver, vale callampa",0
"Nada que ver, no da la talla",0
"Nada que ver, no da la talla",0
La experiencia fue decepcionante,0
Francamente es vale callampa,0
Termina siendo cero empatía,0
"La verdad, bastante un cacho",0
"En general, vale callampa",0
"Nada que ver, mal armado",0
Se siente mal trato,0
La experiencia fue pesado,0
Termina siendo confuso,0
La experiencia fue no prende,0
La experiencia fue malísimo,0
"Nada que ver, penca",0
Termina siendo desordenado,0
La experiencia fue pesado,0
"Nada que ver, decepcionante",0
Todo resultó penca,0
"Nada que ver, pesado",0
"En general, penca",0
Todo resultó vale callampa,0
Todo resultó poco profesional,0
Todo resultó confuso,0
Todo resultó confuso,0
Termina siendo malísimo,0
"En general, vale callampa",0
La experiencia fue frío,0
Todo resultó una lata,0
Se siente cero empatía,0
"Nada que ver, latero",0
Francamente es mal atendido,0
"Nada que ver, malísimo",0
"En general, no da la talla",0
Se siente cero empatía,0
"La verdad, bastante no prende",0
La experiencia fue mal trato,0
"En general, vale callampa",0
La experiencia fue poco serio,0
"En general, flojo",0
Todo resultó desordenado,0
Francamente es vale callampa,0
Termina siendo no cumple,0
Se siente pesado,0
"En general, vale callampa",0
La experiencia fue no da la talla,0
Todo resultó poco claro,0
"La verdad, bastante improvisado",0
Todo resultó fome,0
Se siente no da la talla,0
"En general, flojo",0
Todo resultó poco serio,0
"Nada que ver, latero",0
La experiencia fue poco profesional,0
Se siente decepcionante,0
Termina siendo decepcionante,0
"En general, decepcionante",0
"La verdad, bastante fome",0
"Nada que ver, mal armado",0
"En general, cero empatía",0
"En general, mal atendido",0
La experiencia fue no prende,0
"En general, malísimo",0
La experiencia fue poco profesional,0
"La verdad, bastante frío",0
Todo resultó malísimo,0
"Nada que ver, decepcionante",0
La experiencia fue un cacho,0
"En general, no cumple",0
Termina siendo mal trato,0
Se siente frío,0
La experiencia fue poco profesional,0
La experiencia fue mal trato,0
"Nada que ver, mal atendido",0
Todo resultó poco serio,0
Se siente improvisado,0
La experiencia fue frío,0
"La verdad, bastante mal atendido",0
Todo resultó no da la talla,0
"La verdad, bastante mal atendido",0
Se siente mal trato,0
"En general, pesado",0
Se siente penca,0
La experiencia fue poco serio,0
"La verdad, bastante flojo",0
Termina siendo mal trato,0
"Nada que ver, improvisado",0
"Nada que ver, no cumple",0
Todo resultó una lata,0
La experiencia fue mal armado,0
Termina siendo mal armado,0
Todo resultó puro humo,0
"La verdad, bastante vale callampa",0
Francamente es malísimo,0
Se siente un cacho,0
"La verdad, bastante mal armado",0
Francamente es penca,0
"En general, mal atendido",0
"La verdad, bastante no da la talla",0
"La verdad, bastante pesado",0
"La verdad, bastante mal atendido",0
Todo resultó puro humo,0
Se siente mal trato,0
La experiencia fue confuso,0
Todo resultó poco profesional,0
La experiencia fue poco profesional,0
"La verdad, bastante flojo",0
Francamente es latero,0
Todo resultó un cacho,0
Francamente es no da la talla,0
La experiencia fue fome,0
"La verdad, bastante decepcionante",0
Francamente es improvisado,0
"La verdad, bastante poco claro",0
"La verdad, bastante desordenado",0
Termina siendo vale callampa,0
"Nada que ver, un cacho",0
"En general, flojo",0
"La verdad, bastante no prende",0
Francamente es desordenado,0
"La verdad, bastante fome",0
Termina siendo cero empatía,0
Se siente mal armado,0
Todo resultó no cumple,0
Francamente es improvisado,0
Francamente es no prende,0
Todo resultó una lata,0
La experiencia fue cero empatía,0
La experiencia fue mal atendido,0
"La verdad, bastante poco serio",0
La experiencia fue no da la talla,0
"En general, confuso",0
"Nada que ver, desordenado",0
"En general, puro humo",0
"Nada que ver, malísimo",0
"La verdad, bastante un cacho",0
La experiencia fue decepcionante,0
"La verdad, bastante fome",0
"Nada que ver, flojo",0
"En general, improvisado",0
La experiencia fue improvisado,0
"Nada que ver, no da la talla",0
"La verdad, bastante puro humo",0
Francamente es mal atendido,0
Todo resultó mal trato,0
La experiencia fue puro humo,0
"En general, latero",0
"Nada que ver, desordenado",0
Se siente mal trato,0
Se siente penca,0
"En general, poco claro",0
Se siente no prende,0
"La verdad, bastante poco profesional",0
Termina siendo un cacho,0
La experiencia fue decepcionante,0
La experiencia fue mal armado,0
"En general, no da la talla",0
Todo resultó fome,0
Termina siendo fome,0
Termina siendo no cumple,0
Termina siendo cero empatía,0
Todo resultó frío,0
La experiencia fue cero empatía,0
La experiencia fue confuso,0
La experiencia fue mal armado,0
"En general, no prende",0
Francamente es mal atendido,0
Se siente no cumple,0
"La verdad, bastante poco serio",0
"Nada que ver, frío",0
Francamente es no cumple,0
"En general, cero empatía",0
"Nada que ver, puro humo",0
"La verdad, bastante cero empatía",0
"Nada que ver, poco claro",0
Se siente no da la talla,0
La experiencia fue no prende,0
Francamente es malísimo,0
"La verdad, bastante desordenado",0
"La verdad, bastante frío",0
Francamente es malísimo,0
Se siente no prende,0
"Nada que ver, no cumple",0
La experiencia fue poco claro,0
Francamente es mal armado,0
Se siente improvisado,0
"La verdad, bastante puro humo",0
"La verdad, bastante una lata",0
Todo resultó pesado,0
Se siente no da la talla,0
Francamente es una lata,0
La experiencia fue poco claro,0
"Nada que ver, malísimo",0
La experiencia fue no da la talla,0
Todo resultó poco profesional,0
Todo resultó frío,0
"La verdad, bastante decepcionante",0
Se siente mal trato,0
Se siente no prende,0
"La verdad, bastante una lata",0
Se siente fome,0
La experiencia fue penca,0
"La verdad, bastante poco profesional",0
"En general, una lata",0
"La verdad, bastante malísimo",0
"Nada que ver, una lata",0
Se siente pesado,0
Termina siendo un cacho,0
"En general, penca",0
Termina siendo confuso,0
Se siente frío,0
"La verdad, bastante desordenado",0
Se siente poco claro,0
La experiencia fue puro humo,0
"Nada que ver, flojo",0
Se siente cero empatía,0
Francamente es mal atendido,0
Se siente mal atendido,0
La experiencia fue mal atendido,0
"En general, desordenado",0
La experiencia fue cero empatía,0
Termina siendo malísimo,0
"La verdad, bastante poco claro",0
Se siente pesado,0
Termina siendo improvisado,0
Francamente es latero,0
"La verdad, bastante decepcionante",0
Todo resultó vale callampa,0
La experiencia fue un cacho,0
Francamente es flojo,0
"Nada que ver, mal armado",0
Todo resultó puro humo,0
Francamente es puro humo,0
Termina siendo no cumple,0
Termina siendo malísimo,0
"En general, improvisado",0
Termina siendo vale callampa,0
La experiencia fue desordenado,0
Todo resultó mal armado,0
Termina siendo improvisado,0
Francamente es mal atendido,0
Francamente es malísimo,0
Todo resultó pesado,0
Termina siendo no da la talla,0
"En general, malísimo",0
Todo resultó penca,0
"La verdad, bastante frío",0
Todo resultó frío,0
La experiencia fue penca,0
"Nada que ver, penca",0
Francamente es frío,0
Se siente fome,0
"La verdad, bastante una lata",0
"La verdad, bastante latero",0
"La verdad, bastante flojo",0
"En general, pesado",0
Francamente es fome,0
Todo resultó desordenado,0
"En general, mal atendido",0
Se siente frío,0
Francamente es frío,0
"Nada que ver, poco claro",0
Se siente poco serio,0
La experiencia fue mal trato,0
Francamente es fome,0
"En general, latero",0
"Nada que ver, poco serio",0
Francamente es decepcionante,0
Termina siendo frío,0
Se siente mal armado,0
Todo resultó vale callampa,0
"La verdad, bastante no da la talla",0
"Nada que ver, una lata",0
"Nada que ver, flojo",0
La experiencia fue un cacho,0
Francamente es confuso,0
Francamente es penca,0
"La verdad, bastante cero empatía",0
Francamente es mal atendido,0
Se siente vale callampa,0
Francamente es penca,0
Se siente flojo,0
Termina siendo cero empatía,0
Se siente poco profesional,0
Francamente es poco claro,0
"En general, malísimo",0
Francamente es no da la talla,0
Se siente vale callampa,0
"En general, frío",0
Se siente fome,0
Se siente una lata,0
"En general, no cumple",0
La experiencia fue no prende,0
"La verdad, bastante vale callampa",0
Francamente es mal armado,0
"La verdad, bastante una lata",0
Todo resultó decepcionante,0
"En general, improvisado",0
Francamente es flojo,0
Todo resultó fome,0
"La verdad, bastante poco claro",0
La experiencia fue no cumple,0
Francamente es puro humo,0
Termina siendo mal armado,0
Termina siendo mal atendido,0
"La verdad, bastante malísimo",0
"Nada que ver, no da la talla",0
Se siente frío,0
"En general, no da la talla",0
Termina siendo poco claro,0
La experiencia fue desordenado,0
Se siente un cacho,0
Todo resultó vale callampa,0
Todo resultó confuso,0
"En general, decepcionante",0
"Nada que ver, mal trato",0
La experiencia fue no cumple,0
La experiencia fue cero empatía,0
Todo resultó no prende,0
Termina siendo flojo,0
Francamente es mal armado,0
La experiencia fue mal atendido,0
Todo resultó improvisado,0
Se siente penca,0
"La verdad, bastante una lata",0
Francamente es mal trato,0
La experiencia fue confuso,0
"Nada que ver, no cumple",0
Todo resultó flojo,0
"Nada que ver, mal trato",0
Todo resultó poco profesional,0
Termina siendo puro humo,0
"En general, mal armado",0
"Nada que ver, fome",0
Francamente es frío,0
"En general, mal atendido",0
La experiencia fue flojo,0
Termina siendo puro humo,0
"La verdad, bastante penca",0
"La verdad, bastante mal armado",0
Todo resultó latero,0
Todo resultó mal atendido,0
La experiencia fue malísimo,0
Se siente latero,0
"La verdad, bastante no da la talla",0
Termina siendo pesado,0
"La verdad, bastante flojo",0
"La verdad, bastante un cacho",0
"La verdad, bastante no da la talla",0
La experiencia fue mal atendido,0
Todo resultó frío,0
"Nada que ver, frío",0
Francamente es no prende,0
"La verdad, bastante confuso",0
Termina siendo poco claro,0
Francamente es mal trato,0
La experiencia fue no prende,0
"Nada que ver, un cacho",0
"En general, cero empatía",0
"La verdad, bastante decepcionante",0
"La verdad, bastante no prende",0
Termina siendo cero empatía,0
Francamente es desordenado,0
"La verdad, bastante una lata",0
"Nada que ver, latero",0
La experiencia fue no prende,0
Todo resultó malísimo,0
Se siente latero,0
Termina siendo decepcionante,0
"Nada que ver, poco serio",0
Se siente no prende,0
Todo resultó un cacho,0
Francamente es malísimo,0
La experiencia fue mal trato,0
Francamente es poco serio,0
"En general, cero empatía",0
"La verdad, bastante latero",0
Todo resultó penca,0
Se siente poco claro,0
Se siente poco claro,0
"En general, vale callampa",0
"En general, mal atendido",0
Se siente mal trato,0
La experiencia fue una lata,0
Francamente es fome,0
Francamente es malísimo,0
Termina siendo un cacho,0
"Nada que ver, penca",0
"En general, latero",0
Termina siendo poco profesional,0
Todo resultó no prende,0
La experiencia fue una lata,0
"En general, mal atendido",0
Termina siendo no da la talla,0
Francamente es fome,0
Todo resultó flojo,0
"En general, vale callampa",0
Termina siendo mal atendido,0
"Nada que ver, poco profesional",0
La experiencia fue poco serio,0
Todo resultó decepcionante,0
"Nada que ver, mal atendido",0
Termina siendo una lata,0
Se siente vale callampa,0
Todo resultó vale callampa,0
"Nada que ver, frío",0
La experiencia fue no da la talla,0
Todo resultó no prende,0
Todo resultó un cacho,0
Se siente latero,0
"Nada que ver, mal trato",0
La experiencia fue mal armado,0
Se siente frío,0
La experiencia fue malísimo,0
"En general, improvisado",0
Todo resultó decepcionante,0
Termina siendo confuso,0
"La verdad, bastante poco serio",0
Francamente es poco serio,0
Se siente mal atendido,0
La experiencia fue mal armado,0
Termina siendo pesado,0
Francamente es decepcionante,0
"La verdad, bastante flojo",0
Termina siendo una lata,0
Termina siendo un cacho,0
Se siente pesado,0
"La verdad, bastante malísimo",0
Francamente es poco claro,0
"En general, poco profesional",0
"La verdad, bastante decepcionante",0
Todo resultó frío,0
"Nada que ver, decepcionante",0
"En general, decepcionante",0
La experiencia fue mal trato,0
Todo resultó desordenado,0
"La verdad, bastante cero empatía",0
"Nada que ver, poco profesional",0
Termina siendo mal atendido,0
"Nada que ver, confuso",0
"Nada que ver, vale callampa",0
Todo resultó una lata,0
Se siente latero,0
La experiencia fue fome,0
Termina siendo poco serio,0
Francamente es poco claro,0
"Nada que ver, vale callampa",0
"La verdad, bastante no da la talla",0
Se siente no da la talla,0
"Nada que ver, malísimo",0
"La verdad, bastante decepcionante",0
"Nada que ver, pesado",0
Termina siendo malísimo,0
Todo resultó confuso,0
Se siente confuso,0
La experiencia fue poco serio,0
Todo resultó penca,0
Todo resultó vale callampa,0
"Nada que ver, desordenado",0
"La verdad, bastante no cumple",0
Se siente fome,0
Se siente no prende,0
Todo resultó vale callampa,0
Se siente no prende,0
"La verdad, bastante poco profesional",0
Termina siendo poco serio,0
Termina siendo confuso,0
"Nada que ver, puro humo",0
"Nada que ver, frío",0
"Nada que ver, confuso",0
La experiencia fue cero empatía,0
Francamente es poco claro,0
Todo resultó poco serio,0
"Nada que ver, no cumple",0
"En general, poco claro",0
Se siente poco serio,0
"La verdad, bastante puro humo",0
Se siente poco profesional,0
La experiencia fue cero empatía,0
La experiencia fue latero,0
Se siente decepcionante,0
"En general, no prende",0
Se siente latero,0
"Nada que ver, confuso",0
"Nada que ver, fome",0
"Nada que ver, desordenado",0
La experiencia fue confuso,0
"En general, cero empatía",0
Todo resultó mal armado,0
"Nada que ver, frío",0
"La verdad, bastante flojo",0
Todo resultó vale callampa,0
Francamente es improvisado,0
Todo resultó penca,0
"La verdad, bastante cero empatía",0
La experiencia fue puro humo,0
Se siente desordenado,0
"Nada que ver, frío",0
"Nada que ver, latero",0
Francamente es un cacho,0
"En general, no prende",0
Termina siendo poco claro,0
"En general, cero empatía",0
"La verdad, bastante mal trato",0
"En general, pesado",0
La experiencia fue mal armado,0
"Nada que ver, cero empatía",0
"Nada que ver, fome",0
"En general, vale callampa",0
"En general, penca",0
"Nada que ver, no cumple",0
La experiencia fue una lata,0
"Nada que ver, no da la talla",0
"La verdad, bastante puro humo",0
Todo resultó una lata,0
La experiencia fue no da la talla,0
Se siente improvisado,0
"La verdad, bastante decepcionante",0
Se siente mal trato,0
"Nada que ver, confuso",0
"En general, decepcionante",0
"Nada que ver, desordenado",0
Termina siendo no prende,0
"Nada que ver, fome",0
Todo resultó poco profesional,0
Todo resultó confuso,0
Se siente mal trato,0
Se siente flojo,0
Todo resultó latero,0
"Nada que ver, frío",0
La experiencia fue no da la talla,0
La experiencia fue no cumple,0
Francamente es flojo,0
La experiencia fue mal armado,0
Termina siendo confuso,0
Termina siendo mal armado,0
"La verdad, bastante una lata",0
"La verdad, bastante desordenado",0
La experiencia fue no da la talla,0
Termina siendo improvisado,0
"En general, decepcionante",0
"La verdad, bastante malísimo",0
Todo resultó improvisado,0
La experiencia fue flojo,0
Se siente una lata,0
Termina siendo no cumple,0
Francamente es frío,0
"Nada que ver, no da la talla",0
Todo resultó puro humo,0
"Nada que ver, frío",0
Termina siendo poco serio,0
Se siente mal trato,0
"En general, pesado",0
"La verdad, bastante frío",0
"Nada que ver, mal atendido",0
Francamente es no prende,0
Se siente no da la talla,0
"La verdad, bastante frío",0
Francamente es una lata,0
Termina siendo mal armado,0
Se siente no da la talla,0
La experiencia fue una lata,0
Todo resultó desordenado,0
"En general, frío",0
Se siente pesado,0
Todo resultó pesado,0
"Nada que ver, pesado",0
"La verdad, bastante poco serio",0
Termina siendo poco claro,0
"En general, vale callampa",0
Todo resultó malísimo,0
"Nada que ver, decepcionante",0
"Nada que ver, un cacho",0
"Nada que ver, una lata",0
La experiencia fue cero empatía,0
Todo resultó puro humo,0
La experiencia fue mal atendido,0
"En general, frío",0
La experiencia fue un cacho,0
"La verdad, bastante no cumple",0
"En general, mal atendido",0
Se siente desordenado,0
Todo resultó pesado,0
"Nada que ver, decepcionante",0
Todo resultó mal atendido,0
"En general, confuso",0
"Nada que ver, no da la talla",0
Todo resultó no prende,0
Francamente es frío,0
"En general, fome",0
Se siente confuso,0
Se siente poco profesional,0
Todo resultó penca,0
Francamente es pesado,0
Termina siendo flojo,0
Francamente es penca,0
La experiencia fue frío,0
Francamente es latero,0
"La verdad, bastante fome",0
Todo resultó un cacho,0
Termina siendo mal armado,0
"En general, no prende",0
Se siente vale callampa,0
Termina siendo mal trato,0
Se siente fome,0
Se siente fome,0
Se siente mal atendido,0
"La verdad, bastante no cumple",0
La experiencia fue confuso,0
Francamente es poco profesional,0
Todo resultó no da la talla,0
Francamente es poco claro,0
"En general, poco claro",0
"En general, frío",0
Todo resultó un cacho,0
Termina siendo latero,0
Todo resultó cero empatía,0
Francamente es una lata,0
La experiencia fue malísimo,0
La experiencia fue mal armado,0
La experiencia fue malísimo,0
Francamente es pesado,0
"En general, poco claro",0
Se siente cero empatía,0
Se siente poco serio,0
Termina siendo poco claro,0
Termina siendo vale callampa,0
"La verdad, bastante fome",0
La experiencia fue pesado,0
"Nada que ver, poco profesional",0
Todo resultó malísimo,0
La experiencia fue latero,0
Todo resultó poco claro,0
"Nada que ver, no cumple",0
Se siente latero,0
Termina siendo desordenado,0
Termina siendo malísimo,0
"Nada que ver, vale callampa",0
Francamente es confuso,0
Termina siendo cero empatía,0
"La verdad, bastante fome",0
Francamente es no cumple,0
"Nada que ver, pesado",0
"Nada que ver, malísimo",0
Se siente decepcionante,0
"En general, un cacho",0
Se siente cero empatía,0
Francamente es improvisado,0
"En general, vale callampa",0
Todo resultó mal atendido,0
"Nada que ver, poco profesional",0
Se siente frío,0
Todo resultó puro humo,0
Se siente no da la talla,0
Todo resultó penca,0
La experiencia fue mal atendido,0
"En general, malísimo",0
Se siente puro humo,0
"La verdad, bastante improvisado",0
Termina siendo fome,0
La experiencia fue mal trato,0
"En general, poco profesional",0
Se siente frío,0
"En general, no prende",0
Francamente es flojo,0
"La verdad, bastante confuso",0
Todo resultó mal armado,0
"La verdad, bastante penca",0
Todo resultó mal trato,0
Francamente es una lata,0
Francamente es no da la talla,0
"En general, mal trato",0
La experiencia fue vale callampa,0
Termina siendo malísimo,0
Se siente no da la talla,0
Termina siendo poco profesional,0
Termina siendo poco profesional,0
"La verdad, bastante confuso",0
"Nada que ver, confuso",0
Termina siendo penca,0
Todo resultó cero empatía,0
Termina siendo confuso,0
"En general, un cacho",0
La experiencia fue confuso,0
Francamente es latero,0
"Nada que ver, una lata",0
Se siente improvisado,0
"Nada que ver, malísimo",0
Se siente poco claro,0
Termina siendo fome,0
Todo resultó una lata,0
Todo resultó no da la talla,0
La experiencia fue poco profesional,0
La experiencia fue mal atendido,0
Francamente es mal trato,0
Todo resultó malísimo,0
"En general, frío",0
"En general, frío",0
Termina siendo puro humo,0
"La verdad, bastante improvisado",0
"En general, una lata",0
La experiencia fue puro humo,0
Francamente es vale callampa,0
Termina siendo flojo,0
"La verdad, bastante no da la talla",0
"La verdad, bastante poco serio",0
Se siente mal atendido,0
"Nada que ver, mal atendido",0
La experiencia fue mal armado,0
"La verdad, bastante poco serio",0
Francamente es frío,0
"Nada que ver, decepcionante",0
La experiencia fue pesado,0
Francamente es latero,0
"La verdad, bastante poco claro",0
Se siente no prende,0
"En general, puro humo",0
Francamente es mal trato,0
"Nada que ver, desordenado",0
"Nada que ver, latero",0
Termina siendo puro humo,0
Todo resultó decepcionante,0
Se siente decepcionante,0
Termina siendo improvisado,0
"Nada que ver, mal trato",0
"La verdad, bastante decepcionante",0
"La verdad, bastante confuso",0
Todo resultó no prende,0
Termina siendo poco profesional,0
"Nada que ver, un cacho",0
"Nada que ver, fome",0
Todo resultó flojo,0
Se siente una lata,0
"La verdad, bastante flojo",0
Francamente es puro humo,0
Se siente confuso,0
Se siente no da la talla,0
"En general, penca",0
La experiencia fue mal trato,0
La experiencia fue penca,0
"La verdad, bastante mal armado",0
"Nada que ver, decepcionante",0
Se siente no prende,0
"La verdad, bastante mal armado",0
"Nada que ver, mal atendido",0
Todo resultó latero,0
Se siente penca,0
Termina siendo fome,0
Se siente poco profesional,0
Francamente es poco serio,0
"Nada que ver, no prende",0
"Nada que ver, improvisado",0
Francamente es poco serio,0
"La verdad, bastante desordenado",0
Se siente mal armado,0
"En general, poco serio",0
La experiencia fue poco claro,0
Se siente confuso,0
"Nada que ver, un cacho",0
Francamente es poco profesional,0
Francamente es mal trato,0
Francamente es pesado,0
"En general, fome",0
Francamente es latero,0
Francamente es pesado,0
Termina siendo fome,0
La experiencia fue malísimo,0
"Nada que ver, mal atendido",0
"Nada que ver, malísimo",0
Francamente es mal trato,0
Todo resultó fome,0
Se siente flojo,0
La experiencia fue no cumple,0
Todo resultó mal armado,0
"Nada que ver, mal armado",0
Todo resultó improvisado,0
La experiencia fue puro humo,0
Se siente fome,0
Termina siendo mal armado,0
Termina siendo confuso,0
Se siente mal atendido,0
Termina siendo no cumple,0
"En general, una lata",0
"En general, vale callampa",0
La experiencia fue mal trato,0
"Nada que ver, una lata",0
"En general, un cacho",0
Todo resultó malísimo,0
Francamente es cero empatía,0
"La verdad, bastante malísimo",0
Termina siendo pesado,0
Francamente es mal atendido,0
"La verdad, bastante confuso",0
"En general, malísimo",0
Francamente es fome,0
Se siente fome,0
Todo resultó fome,0
La experiencia fue poco serio,0
Todo resultó poco serio,0
La experiencia fue malísimo,0
Se siente frío,0
La experiencia fue frío,0
"En general, cero empatía",0
Se siente flojo,0
Se siente improvisado,0
"La verdad, bastante flojo",0
"La verdad, bastante no cumple",0
"En general, cero empatía",0
"En general, confuso",0
Todo resultó una lata,0
"Nada que ver, flojo",0
Francamente es decepcionante,0
Todo resultó poco serio,0
Se siente no cumple,0
"En general, poco profesional",0
"En general, no da la talla",0
"La verdad, bastante decepcionante",0
"Nada que ver, poco profesional",0
"La verdad, bastante decepcionante",0
Todo resultó desordenado,0
Francamente es improvisado,0
"La verdad, bastante mal trato",0
La experiencia fue pesado,0
Francamente es no prende,0
Todo resultó no cumple,0
Termina siendo mal trato,0
Francamente es latero,0
La experiencia fue improvisado,0
Termina siendo no prende,0
Francamente es mal armado,0
Todo resultó poco profesional,0
Termina siendo cero empatía,0
"Nada que ver, fome",0
Francamente es cero empatía,0
Todo resultó decepcionante,0
Francamente es cero empatía,0
Todo resultó una lata,0
"La verdad, bastante un cacho",0
Todo resultó cero empatía,0
Francamente es poco claro,0
La experiencia fue frío,0
La experiencia fue penca,0
Todo resultó fome,0
Todo resultó frío,0
La experiencia fue no prende,0
Francamente es poco profesional,0
"La verdad, bastante poco profesional",0
La experiencia fue mal atendido,0
Se siente no da la talla,0
Termina siendo frío,0
La experiencia fue pesado,0
Termina siendo no prende,0
"Nada que ver, penca",0
La experiencia fue no prende,0
Francamente es flojo,0
Francamente es poco profesional,0
Francamente es mal armado,0
Todo resultó frío,0
"Nada que ver, puro humo",0
La experiencia fue mal armado,0
La experiencia fue una lata,0
Francamente es penca,0
La experiencia fue una lata,0
"La verdad, bastante frío",0
Francamente es flojo,0
Todo resultó poco profesional,0
Termina siendo puro humo,0
Todo resultó confuso,0
"Nada que ver, vale callampa",0
"En general, pesado",0
Todo resultó poco claro,0
Termina siendo puro humo,0
La experiencia fue latero,0
Todo resultó pesado,0
"Nada que ver, improvisado",0
La experiencia fue puro humo,0
Se siente poco serio,0
"La verdad, bastante poco profesional",0
Se siente puro humo,0
Termina siendo cero empatía,0
La experiencia fue mal armado,0
La experiencia fue una lata,0
Todo resultó puro humo,0
"Nada que ver, poco profesional",0
"En general, decepcionante",0
La experiencia fue un cacho,0
La experiencia fue latero,0
Todo resultó poco serio,0
Francamente es frío,0
Termina siendo una lata,0
"La verdad, bastante flojo",0
La experiencia fue vale callampa,0
Termina siendo confuso,0
"Nada que ver, decepcionante",0
Termina siendo desordenado,0
Se siente confuso,0
La experiencia fue fome,0
Francamente es poco serio,0
Francamente es no cumple,0
"Nada que ver, puro humo",0
"En general, frío",0
Termina siendo flojo,0
Francamente es malísimo,0
Termina siendo mal atendido,0
"En general, flojo",0
"Nada que ver, cero empatía",0
Se siente desordenado,0
La experiencia fue no prende,0
"Nada que ver, penca",0
Termina siendo no cumple,0
"Nada que ver, puro humo",0
"En general, un cacho",0
La experiencia fue poco claro,0
"Nada que ver, un cacho",0
"Nada que ver, no da la talla",0
"La verdad, bastante poco serio",0
"Nada que ver, poco serio",0
Francamente es poco serio,0
"En general, mal atendido",0
Termina siendo pesado,0
Francamente es vale callampa,0
Todo resultó un cacho,0
"En general, frío",0
"En general, puro humo",0
Termina siendo penca,0
Francamente es no cumple,0
Se siente mal atendido,0
"La verdad, bastante cero empatía",0
Todo resultó mal atendido,0
Termina siendo mal trato,0
La experiencia fue poco profesional,0
"En general, poco serio",0
Se siente improvisado,0
Termina siendo mal armado,0
"Nada que ver, no cumple",0
La experiencia fue poco profesional,0
Todo resultó un cacho,0
La experiencia fue penca,0
La experiencia fue vale callampa,0
La experiencia fue vale callampa,0
"Nada que ver, no prende",0
Todo resultó confuso,0
"En general, mal armado",0
"En general, flojo",0
Todo resultó penca,0
"En general, improvisado",0
"La verdad, bastante improvisado",0
Termina siendo malísimo,0
"Nada que ver, improvisado",0
"En general, poco claro",0
Termina siendo desordenado,0
Se siente decepcionante,0
Todo resultó puro humo,0
Francamente es mal atendido,0
"Nada que ver, poco profesional",0
Se siente mal trato,0
Termina siendo fome,0
"En general, vale callampa",0
La experiencia fue improvisado,0
Todo resultó confuso,0
"Nada que ver, un cacho",0
"En general, un cacho",0
Francamente es pesado,0
"En general, desordenado",0
"En general, frío",0
"Nada que ver, mal armado",0
Se siente flojo,0
Todo resultó mal trato,0
Francamente es cero empatía,0
Termina siendo no prende,0
"En general, fome",0
La experiencia fue mal atendido,0
La experiencia fue mal atendido,0
La experiencia fue mal atendido,0
Termina siendo mal trato,0
La experiencia fue pesado,0
"Nada que ver, una lata",0
Francamente es improvisado,0
Se siente malísimo,0
"En general, no cumple",0
Termina siendo decepcionante,0
La experiencia fue poco profesional,0
Todo resultó no prende,0
Termina siendo desordenado,0
La experiencia fue frío,0
Se siente latero,0
Se siente desordenado,0
"Nada que ver, poco serio",0
Francamente es vale callampa,0
"En general, mal armado",0
Todo resultó cero empatía,0
Termina siendo puro humo,0
Todo resultó flojo,0
Termina siendo vale callampa,0
Todo resultó vale callampa,0
Termina siendo un cacho,0
"Nada que ver, no prende",0
Todo resultó mal trato,0
Se siente no cumple,0
Todo resultó cero empatía,0
Se siente fome,0
"En general, mal armado",0
Termina siendo fome,0
Francamente es mal trato,0
"La verdad, bastante decepcionante",0
La experiencia fue no cumple,0
Todo resultó mal trato,0
La experiencia fue no da la talla,0
"La verdad, bastante malísimo",0
"Nada que ver, desordenado",0
"Nada que ver, puro humo",0
Se siente puro humo,0
"La verdad, bastante cero empatía",0
"Nada que ver, latero",0
"En general, un cacho",0
Todo resultó confuso,0
Francamente es una lata,0
Todo resultó no da la talla,0
Termina siendo flojo,0
"Nada que ver, decepcionante",0
"Nada que ver, flojo",0
Francamente es una lata,0
La experiencia fue no cumple,0
Francamente es no da la talla,0
Se siente un cacho,0
"La verdad, bastante frío",0
La experiencia fue pesado,0
"Nada que ver, no cumple",0
Se siente poco serio,0
Todo resultó no da la talla,0
"La verdad, bastante poco claro",0
Se siente decepcionante,0
Todo resultó no cumple,0
Termina siendo decepcionante,0
La experiencia fue cero empatía,0
La experiencia fue mal trato,0
"En general, no cumple",0
Francamente es poco serio,0
"En general, desordenado",0
"Nada que ver, flojo",0
La experiencia fue mal atendido,0
Se siente puro humo,0
Todo resultó improvisado,0
"La verdad, bastante puro humo",0
"La verdad, bastante puro humo",0
"En general, desordenado",0
"En general, improvisado",0
"La verdad, bastante cero empatía",0
"En general, penca",0
Todo resultó poco claro,0
La experiencia fue no da la talla,0
Termina siendo poco claro,0
Todo resultó mal armado,0
"Nada que ver, fome",0
Todo resultó mal trato,0
"La verdad, bastante poco claro",0
"En general, decepcionante",0
Termina siendo poco claro,0
Todo resultó fome,0
"En general, poco claro",0
"Nada que ver, flojo",0
Se siente latero,0
Se siente una lata,0
"La verdad, bastante poco claro",0
Todo resultó mal atendido,0
Se siente poco serio,0
Termina siendo malísimo,0
Todo resultó un cacho,0
Todo resultó no cumple,0
"Nada que ver, confuso",0
"La verdad, bastante puro humo",0
"Nada que ver, poco claro",0
"La verdad, bastante poco claro",0
La experiencia fue penca,0
Todo resultó fome,0
Todo resultó fome,0
Francamente es poco claro,0
Todo resultó confuso,0
Francamente es mal armado,0
"En general, una lata",0
Se siente un cacho,0
Francamente es confuso,0
Francamente es una lata,0
La experiencia fue decepcionante,0
"Nada que ver, flojo",0
Francamente es frío,0
"Nada que ver, decepcionante",0
"La verdad, bastante no prende",0
Francamente es fome,0
Se siente poco profesional,0
Todo resultó frío,0
Todo resultó poco serio,0
Se siente flojo,0
"Nada que ver, vale callampa",0
Se siente fome,0
Se siente poco profesional,0
"Nada que ver, mal atendido",0
"En general, no prende",0
Todo resultó frío,0
"En general, frío",0
"La verdad, bastante no da la talla",0
Francamente es poco profesional,0
"Nada que ver, mal atendido",0
Francamente es poco claro,0
La experiencia fue poco claro,0
Todo resultó fome,0
Se siente penca,0
"La verdad, bastante poco profesional",0
"La verdad, bastante desordenado",0
Todo resultó decepcionante,0
Todo resultó una lata,0
Francamente es mal trato,0
"En general, frío",0
"En general, un cacho",0
La experiencia fue confuso,0
Se siente mal atendido,0
Termina siendo frío,0
"En general, no cumple",0
Todo resultó improvisado,0
"La verdad, bastante penca",0
Francamente es desordenado,0
"En general, frío",0
Todo resultó poco serio,0
Termina siendo improvisado,0
"La verdad, bastante cero empatía",0
"La verdad, bastante cero empatía",0
Francamente es improvisado,0
La experiencia fue latero,0
La experiencia fue confuso,0
Termina siendo vale callampa,0
"En general, frío",0
Se siente puro humo,0
Se siente vale callampa,0
Se siente pesado,0
Francamente es latero,0
"Nada que ver, frío",0
Francamente es frío,0
Todo resultó un cacho,0
Todo resultó frío,0
"En general, desordenado",0
Se siente cero empatía,0
La experiencia fue no prende,0
Termina siendo no prende,0
Francamente es poco claro,0
Termina siendo decepcionante,0
Francamente es desordenado,0
Francamente es cero empatía,0
Francamente es un cacho,0
"Nada que ver, un cacho",0
"Nada que ver, cero empatía",0
Francamente es mal atendido,0
"La verdad, bastante un cacho",0
La experiencia fue mal trato,0
Todo resultó fome,0
Termina siendo mal armado,0
"La verdad, bastante una lata",0
"En general, no cumple",0
La experiencia fue latero,0
"En general, penca",0
"Nada que ver, cero empatía",0
Francamente es latero,0
Se siente no cumple,0
"La verdad, bastante confuso",0
La experiencia fue cero empatía,0
Todo resultó decepcionante,0
Termina siendo mal armado,0
"Nada que ver, malísimo",0
Termina siendo flojo,0
Francamente es frío,0
Se siente mal trato,0
La experiencia fue cero empatía,0
"En general, puro humo",0
La experiencia fue decepcionante,0
"Nada que ver, vale callampa",0
Francamente es frío,0
Francamente es vale callampa,0
"En general, mal armado",0
"Nada que ver, frío",0
"La verdad, bastante desordenado",0
"Nada que ver, una lata",0
La experiencia fue poco profesional,0
Francamente es un cacho,0
"La verdad, bastante desordenado",0
"Nada que ver, flojo",0
Francamente es penca,0
Se siente penca,0
"La verdad, bastante desordenado",0
Se siente mal armado,0
La experiencia fue mal armado,0
Termina siendo vale callampa,0
Se siente puro humo,0
Se siente mal armado,0
Todo resultó vale callampa,0
Termina siendo poco profesional,0
La experiencia fue pesado,0
Todo resultó una lata,0
"En general, fome",0
Todo resultó puro humo,0
Se siente fome,0
Francamente es mal armado,0
Se siente no cumple,0
"La verdad, bastante no da la talla",0
"La verdad, bastante fome",0
"En general, desordenado",0
"La verdad, bastante mal trato",0
Todo resultó puro humo,0
Se siente flojo,0
Se siente frío,0
"En general, no da la talla",0
"Nada que ver, malísimo",0
Termina siendo decepcionante,0
La experiencia fue decepcionante,0
Termina siendo malísimo,0
Francamente es no cumple,0
Termina siendo pesado,0
La experiencia fue penca,0
Termina siendo mal armado,0
Francamente es penca,0
La experiencia fue poco claro,0
Se siente no prende,0
La experiencia fue mal trato,0
Termina siendo no prende,0
"En general, no prende",0
Se siente fome,0
"En general, latero",0
Francamente es poco serio,0
Todo resultó mal atendido,0
"En general, mal atendido",0
Todo resultó vale callampa,0
La experiencia fue una lata,0
"En general, cero empatía",0
"La verdad, bastante confuso",0
"Nada que ver, flojo",0
La experiencia fue latero,0
"La verdad, bastante poco serio",0
La experiencia fue no cumple,0
Francamente es no cumple,0
Se siente penca,0
Se siente malísimo,0
Todo resultó mal atendido,0
Termina siendo poco serio,0
Todo resultó poco claro,0
Francamente es improvisado,0
"En general, no prende",0
"En general, malísimo",0
"En general, penca",0
Todo resultó confuso,0
Termina siendo vale callampa,0
Todo resultó frío,0
"La verdad, bastante mal atendido",0
Todo resultó frío,0
Termina siendo un cacho,0
"En general, poco serio",0
Todo resultó flojo,0
"La verdad, bastante cero empatía",0
"En general, mal trato",0
"La verdad, bastante pesado",0
Todo resultó puro humo,0
"Nada que ver, frío",0
"En general, flojo",0
Todo resultó malísimo,0
Todo resultó confuso,0
"Nada que ver, frío",0
"En general, no prende",0
Francamente es poco profesional,0
Termina siendo malísimo,0
"La verdad, bastante no prende",0
Todo resultó mal trato,0
"La verdad, bastante poco claro",0
Francamente es una lata,0
"En general, pesado",0
Se siente cero empatía,0
Francamente es poco serio,0
La experiencia fue puro humo,0
Termina siendo una lata,0
Se siente latero,0
Se siente decepcionante,0
Todo resultó vale callampa,0
Francamente es pesado,0
Todo resultó vale callampa,0
La experiencia fue flojo,0
"La verdad, bastante no cumple",0
Todo resultó poco claro,0
"Nada que ver, puro humo",0
"La verdad, bastante flojo",0
Se siente desordenado,0
La experiencia fue un cacho,0
Todo resultó no da la talla,0
Francamente es flojo,0
Francamente es penca,0
Francamente es poco profesional,0
Se siente no prende,0
"En general, mal armado",0
Todo resultó puro humo,0
"En general, mal atendido",0
Todo resultó poco profesional,0
"En general, mal trato",0
"Nada que ver, no da la talla",0
Termina siendo no cumple,0
Francamente es no da la talla,0
Se siente decepcionante,0
La experiencia fue una lata,0
"Nada que ver, no da la talla",0
Todo resultó decepcionante,0
Se siente confuso,0
Se siente confuso,0
"En general, pesado",0
"En general, no prende",0
"La verdad, bastante pesado",0
Francamente es penca,0
Todo resultó fome,0
Se siente confuso,0
Francamente es desordenado,0
Se siente confuso,0
Se siente no cumple,0
Francamente es mal trato,0
Termina siendo penca,0
"La verdad, bastante frío",0
La experiencia fue poco profesional,0
"Nada que ver, frío",0
Se siente mal trato,0
"Nada que ver, mal armado",0
Todo resultó mal armado,0
"La verdad, bastante poco serio",0
La experiencia fue mal armado,0
La experiencia fue puro humo,0
Se siente desordenado,0
"Nada que ver, un cacho",0
Termina siendo no prende,0
Se siente no prende,0
Se siente mal armado,0
"Nada que ver, malísimo",0
Todo resultó pesado,0
Todo resultó confuso,0
Se siente flojo,0
Se siente confuso,0
"Nada que ver, mal trato",0
"Nada que ver, confuso",0
"Nada que ver, frío",0
"Nada que ver, no prende",0
Francamente es mal atendido,0
"La verdad, bastante poco serio",0
Francamente es vale callampa,0
"En general, fome",0
"En general, puro humo",0
Todo resultó confuso,0
"Nada que ver, no da la talla",0
"Nada que ver, no prende",0
La experiencia fue no da la talla,0
"La verdad, bastante puro humo",0
Francamente es malísimo,0
Termina siendo no cumple,0
"La verdad, bastante cero empatía",0
"Nada que ver, poco serio",0
Francamente es puro humo,0
Todo resultó no cumple,0
Todo resultó puro humo,0
Termina siendo no da la talla,0
Termina siendo frío,0
Todo resultó no cumple,0
Francamente es no cumple,0
"Nada que ver, desordenado",0
Todo resultó puro humo,0
"En general, flojo",0
"Nada que ver, no prende",0
"En general, no prende",0
"En general, latero",0
La experiencia fue flojo,0
"En general, no da la talla",0
Todo resultó no da la talla,0
Francamente es desordenado,0
"En general, desordenado",0
"En general, mal trato",0
Termina siendo pesado,0
Se siente confuso,0
Se siente confuso,0
La experiencia fue confuso,0
La experiencia fue poco claro,0
Termina siendo poco serio,0
"En general, confuso",0
Se siente poco profesional,0
"La verdad, bastante decepcionante",0
"En general, cero empatía",0
Termina siendo decepcionante,0
Francamente es malísimo,0
Se siente improvisado,0
Se siente no cumple,0
Francamente es decepcionante,0
"La verdad, bastante desordenado",0
Termina siendo mal trato,0
Todo resultó malísimo,0
Todo resultó cero empatía,0
"La verdad, bastante mal trato",0
"La verdad, bastante no cumple",0
La experiencia fue no cumple,0
"En general, desordenado",0
"La verdad, bastante no cumple",0
Francamente es mal armado,0
"Nada que ver, mal atendido",0
"En general, improvisado",0
"Nada que ver, confuso",0
Francamente es vale callampa,0
Todo resultó mal armado,0
Francamente es poco serio,0
La experiencia fue vale callampa,0
"Nada que ver, poco claro",0
Todo resultó confuso,0
Se siente latero,0
"La verdad, bastante poco claro",0
"La verdad, bastante decepcionante",0
Se siente cero empatía,0
La experiencia fue puro humo,0
Todo resultó poco profesional,0
Francamente es improvisado,0
Francamente es mal atendido,0
Francamente es latero,0
Termina siendo desordenado,0
Termina siendo flojo,0
Francamente es pesado,0
La experiencia fue un cacho,0
"La verdad, bastante una lata",0
Todo resultó flojo,0
"La verdad, bastante vale callampa",0
La experiencia fue penca,0
"La verdad, bastante mal atendido",0
"En general, decepcionante",0
"En general, flojo",0
"Nada que ver, cero empatía",0
La experiencia fue cero empatía,0
"La verdad, bastante poco serio",0
Se siente decepcionante,0
"La verdad, bastante un cacho",0
Termina siendo vale callampa,0
Francamente es frío,0
"Nada que ver, mal atendido",0
"Nada que ver, poco claro",0
"La verdad, bastante poco profesional",0
Francamente es poco serio,0
Todo resultó mal armado,0
Termina siendo improvisado,0
"Nada que ver, confuso",0
La experiencia fue mal trato,0
Se siente decepcionante,0
"La verdad, bastante improvisado",0
Todo resultó vale callampa,0
"La verdad, bastante un cacho",0
Termina siendo poco claro,0
"En general, frío",0
Todo resultó cero empatía,0
"Nada que ver, vale callampa",0
La experiencia fue puro humo,0
Se siente no prende,0
Se siente cero empatía,0
"La verdad, bastante poco serio",0
Se siente improvisado,0
"Nada que ver, poco serio",0
La experiencia fue desordenado,0
"En general, mal atendido",0
Francamente es confuso,0
"Nada que ver, latero",0
Termina siendo mal atendido,0
La experiencia fue un cacho,0
La experiencia fue mal armado,0
Francamente es no prende,0
"En general, latero",0
Termina siendo vale callampa,0
Todo resultó puro humo,0
Todo resultó mal trato,0
Todo resultó una lata,0
Francamente es mal trato,0
Se siente mal atendido,0
La experiencia fue mal atendido,0
"Nada que ver, vale callampa",0
Todo resultó una lata,0
Termina siendo frío,0
La experiencia fue no prende,0
Termina siendo mal armado,0
Termina siendo fome,0
Todo resultó poco profesional,0
La experiencia fue no cumple,0
Termina siendo cero empatía,0
"La verdad, bastante frío",0
Francamente es mal trato,0
Francamente es vale callampa,0
Se siente no da la talla,0
Francamente es pesado,0
Se siente penca,0
Se siente mal armado,0
"La verdad, bastante pesado",0
Francamente es desordenado,0
La experiencia fue pesado,0
"Nada que ver, no da la talla",0
"Nada que ver, una lata",0
Francamente es confuso,0
"La verdad, bastante pesado",0
"La verdad, bastante decepcionante",0
La experiencia fue fome,0
"En general, latero",0
La experiencia fue pesado,0
"En general, no prende",0
Se siente cero empatía,0
Francamente es puro humo,0
Todo resultó fome,0
Termina siendo latero,0
Todo resultó no cumple,0
Todo resultó pesado,0
Se siente pesado,0
"La verdad, bastante penca",0
La experiencia fue no prende,0
"Nada que ver, improvisado",0
Francamente es poco claro,0
"En general, latero",0
Francamente es latero,0
Termina siendo mal trato,0
"Nada que ver, flojo",0
Francamente es latero,0
Todo resultó pesado,0
Se siente mal armado,0
Francamente es poco profesional,0
Francamente es decepcionante,0
"La verdad, bastante poco serio",0
Se siente poco serio,0
"En general, puro humo",0
"En general, latero",0
La experiencia fue confuso,0
"La verdad, bastante penca",0
"En general, flojo",0
La experiencia fue confuso,0
Se siente confuso,0
Se siente mal atendido,0
La experiencia fue decepcionante,0
Se siente vale callampa,0
Se siente mal atendido,0
Se siente malísimo,0
Se siente poco profesional,0
"En general, una lata",0
"La verdad, bastante pesado",0
Todo resultó no da la talla,0
Termina siendo latero,0
Todo resultó flojo,0
Francamente es no cumple,0
Se siente mal trato,0
Todo resultó improvisado,0
La experiencia fue mal trato,0
"Nada que ver, no da la talla",0
Se siente mal armado,0
"La verdad, bastante malísimo",0
"La verdad, bastante cero empatía",0
Francamente es improvisado,0
Todo resultó poco claro,0
Todo resultó mal atendido,0
"Nada que ver, puro humo",0
Se siente no cumple,0
"Nada que ver, una lata",0
"La verdad, bastante poco claro",0
Termina siendo desordenado,0
"Nada que ver, cero empatía",0
Todo resultó pesado,0
"La verdad, bastante decepcionante",0
Todo resultó un cacho,0
"Nada que ver, no prende",0
Se siente frío,0
Francamente es no da la talla,0
La experiencia fue malísimo,0
La experiencia fue una lata,0
Termina siendo decepcionante,0
Francamente es poco serio,0
"En general, mal atendido",0
Todo resultó vale callampa,0
La experiencia fue mal armado,0
"En general, no da la talla",0
Se siente pesado,0
Se siente una lata,0
"En general, fome",0
"En general, mal atendido",0
Todo resultó mal atendido,0
Termina siendo flojo,0
"La verdad, bastante confuso",0
Se siente no prende,0
Todo resultó puro humo,0
Todo resultó poco profesional,0
"La verdad, bastante penca",0
Se siente improvisado,0
Termina siendo improvisado,0
"La verdad, bastante fome",0
Termina siendo flojo,0
Se siente frío,0
Termina siendo mal atendido,0
La experiencia fue no cumple,0
La experiencia fue latero,0
La experiencia fue no da la talla,0
Se siente mal trato,0
"Nada que ver, no prende",0
Todo resultó no prende,0
"En general, poco serio",0
Termina siendo una lata,0
La experiencia fue desordenado,0
Termina siendo confuso,0
Todo resultó malísimo,0
Todo resultó fome,0
Se siente no da la talla,0
Todo resultó fome,0
"En general, no cumple",0
Francamente es flojo,0
"En general, confuso",0
La experiencia fue fome,0
Francamente es no cumple,0
Se siente fome,0
"La verdad, bastante frío",0
La experiencia fue un cacho,0
"En general, mal trato",0
"Nada que ver, una lata",0
La experiencia fue frío,0
"En general, no cumple",0
La experiencia fue poco serio,0
Termina siendo mal armado,0
"En general, poco claro",0
"En general, mal trato",0
La experiencia fue vale callampa,0
Todo resultó cero empatía,0
Todo resultó una lata,0
Termina siendo no da la talla,0
"La verdad, bastante no cumple",0
"Nada que ver, malísimo",0
La experiencia fue vale callampa,0
"Nada que ver, vale callampa",0
Francamente es pesado,0
Todo resultó una lata,0
"Nada que ver, poco serio",0
"La verdad, bastante latero",0
Francamente es pesado,0
"En general, cero empatía",0
"En general, un cacho",0
"En general, no cumple",0
Termina siendo confuso,0
Todo resultó poco claro,0
La experiencia fue no da la talla,0
Todo resultó mal trato,0
Francamente es no da la talla,0
"En general, frío",0
Francamente es poco claro,0
Francamente es pesado,0
"La verdad, bastante confuso",0
"Nada que ver, poco profesional",0
Termina siendo una lata,0
Se siente cero empatía,0
Se siente no da la talla,0
Termina siendo puro humo,0
La experiencia fue improvisado,0
"Nada que ver, mal atendido",0
Termina siendo mal armado,0
"La verdad, bastante poco profesional",0
"En general, un cacho",0
"En general, improvisado",0
Todo resultó malísimo,0
Francamente es decepcionante,0
"En general, malísimo",0
Todo resultó mal armado,0
"Nada que ver, penca",0
Termina siendo pesado,0
Se siente mal trato,0
Francamente es improvisado,0
"En general, latero",0
"En general, fome",0
"La verdad, bastante flojo",0
"La verdad, bastante pesado",0
Se siente desordenado,0
"La verdad, bastante una lata",0
Se siente poco profesional,0
"Nada que ver, pesado",0
"En general, penca",0
Se siente pesado,0
Termina siendo flojo,0
Termina siendo poco claro,0
"En general, desordenado",0
Se siente improvisado,0
Todo resultó mal trato,0
"La verdad, bastante poco claro",0
La experiencia fue poco claro,0
Francamente es no da la talla,0
Termina siendo un cacho,0
"Nada que ver, confuso",0
Francamente es mal armado,0
La experiencia fue puro humo,0
Todo resultó cero empatía,0
Francamente es latero,0
Todo resultó latero,0
Se siente frío,0
Termina siendo vale callampa,0
La experiencia fue no cumple,0
Termina siendo cero empatía,0
"La verdad, bastante fome",0
Se siente puro humo,0
"Nada que ver, un cacho",0
La experiencia fue decepcionante,0
Francamente es mal armado,0
"La verdad, bastante mal trato",0
"La verdad, bastante confuso",0
"En general, poco profesional",0
La experiencia fue decepcionante,0
Se siente un cacho,0
Francamente es puro humo,0
"La verdad, bastante improvisado",0
"La verdad, bastante decepcionante",0
"Nada que ver, mal atendido",0
"La verdad, bastante confuso",0
"Nada que ver, pesado",0
Se siente desordenado,0
"La verdad, bastante no da la talla",0
Francamente es frío,0
Todo resultó vale callampa,0
La experiencia fue decepcionante,0
"La verdad, bastante mal armado",0
"La verdad, bastante no da la talla",0
Se siente latero,0
"La verdad, bastante puro humo",0
"Nada que ver, un cacho",0
"La verdad, bastante poco serio",0
Termina siendo frío,0
"En general, mal atendido",0
Termina siendo fome,0
"La verdad, bastante improvisado",0
La experiencia fue puro humo,0
"La verdad, bastante latero",0
"Nada que ver, latero",0
Se siente vale callampa,0
Francamente es no da la talla,0
Se siente mal atendido,0
"La verdad, bastante mal trato",0
La experiencia fue no prende,0
La experiencia fue penca,0
"La verdad, bastante un cacho",0
"Nada que ver, malísimo",0
Todo resultó pesado,0
La experiencia fue poco claro,0
La experiencia fue mal atendido,0
Se siente decepcionante,0
Francamente es mal armado,0
Francamente es decepcionante,0
Se siente cero empatía,0
Todo resultó mal atendido,0
La experiencia fue poco claro,0
"La verdad, bastante un cacho",0
"Nada que ver, no da la talla",0
"En general, malísimo",0
Termina siendo mal atendido,0
Termina siendo un cacho,0
"En general, confuso",0
"Nada que ver, mal atendido",0
Termina siendo frío,0
Se siente decepcionante,0
"La verdad, bastante fome",0
Termina siendo malísimo,0
"La verdad, bastante un cacho",0
"La verdad, bastante poco profesional",0
Se siente improvisado,0
Termina siendo no cumple,0
La experiencia fue mal armado,0
Francamente es confuso,0
Se siente poco serio,0
La experiencia fue malísimo,0
Termina siendo flojo,0
Todo resultó latero,0
Todo resultó vale callampa,0
"En general, desordenado",0
"En general, improvisado",0
La experiencia fue confuso,0
Termina siendo mal atendido,0
"En general, cero empatía",0
"En general, mal armado",0
Se siente poco serio,0
"En general, poco profesional",0
Termina siendo penca,0
"La verdad, bastante poco serio",0
"La verdad, bastante poco serio",0
La experiencia fue mal armado,0
"Nada que ver, no cumple",0
Francamente es poco claro,0
Todo resultó fome,0
Francamente es puro humo,0
Termina siendo desordenado,0
La experiencia fue mal armado,0
Termina siendo penca,0
La experiencia fue una lata,0
La experiencia fue poco serio,0
Termina siendo improvisado,0
Todo resultó latero,0
La experiencia fue frío,0
Francamente es penca,0
Francamente es malísimo,0
"En general, improvisado",0
"Nada que ver, mal trato",0
Se siente mal armado,0
"La verdad, bastante decepcionante",0
Francamente es mal armado,0
Se siente vale callampa,0
"Nada que ver, vale callampa",0
Se siente no prende,0
Se siente no prende,0
"En general, flojo",0
"Nada que ver, mal trato",0
Se siente vale callampa,0
"La verdad, bastante cero empatía",0
"En general, vale callampa",0
"La verdad, bastante frío",0
La experiencia fue confuso,0
La experiencia fue no prende,0
Francamente es una lata,0
Francamente es puro humo,0
Francamente es decepcionante,0
"Nada que ver, una lata",0
Se siente penca,0
"En general, no da la talla",0
Termina siendo desordenado,0
Todo resultó decepcionante,0
Se siente frío,0
"En general, no prende",0
"Nada que ver, cero empatía",0
"La verdad, bastante malísimo",0
Francamente es mal armado,0
Se siente improvisado,0
"En general, no prende",0
Termina siendo penca,0
Todo resultó malísimo,0
"La verdad, bastante mal armado",0
"La verdad, bastante poco profesional",0
Todo resultó no da la talla,0
"Nada que ver, improvisado",0
Todo resultó fome,0
"La verdad, bastante pesado",0
"La verdad, bastante mal atendido",0
"Nada que ver, no prende",0
Todo resultó desordenado,0
"La verdad, bastante poco profesional",0
Termina siendo malísimo,0
Todo resultó no da la talla,0
Todo resultó un cacho,0
"En general, flojo",0
"Nada que ver, flojo",0
Termina siendo frío,0
Francamente es poco claro,0
La experiencia fue confuso,0
Termina siendo frío,0
La experiencia fue no da la talla,0
"La verdad, bastante no prende",0
Francamente es no cumple,0
"Nada que ver, pesado",0
"Nada que ver, improvisado",0
Termina siendo mal armado,0
Se siente malísimo,0
"En general, una lata",0
La experiencia fue mal atendido,0
"Nada que ver, latero",0
Se siente pesado,0
Termina siendo cero empatía,0
Termina siendo pesado,0
Todo resultó poco profesional,0
"En general, cero empatía",0
Termina siendo pesado,0
"Nada que ver, poco profesional",0
"Nada que ver, poco serio",0
Se siente vale callampa,0
Se siente poco profesional,0
La experiencia fue no cumple,0
Francamente es mal armado,0
Termina siendo cero empatía,0
"Nada que ver, decepcionante",0
Se siente poco profesional,0
"En general, no cumple",0
Francamente es vale callampa,0
"La verdad, bastante confuso",0
Termina siendo poco claro,0
La experiencia fue decepcionante,0
Todo resultó poco claro,0
Se siente no cumple,0
"La verdad, bastante poco claro",0
Se siente latero,0
Termina siendo no cumple,0
La experiencia fue improvisado,0
"Nada que ver, puro humo",0
Francamente es penca,0
Termina siendo vale callampa,0
"Nada que ver, mal armado",0
"Nada que ver, improvisado",0
Se siente poco profesional,0
Termina siendo vale callampa,0
Francamente es no da la talla,0
Todo resultó confuso,0
La experiencia fue mal trato,0
"En general, decepcionante",0
Todo resultó frío,0
La experiencia fue no da la talla,0
"En general, desordenado",0
Se siente decepcionante,0
"En general, mal trato",0
"La verdad, bastante fome",0
"Nada que ver, cero empatía",0
Termina siendo malísimo,0
Francamente es malísimo,0
La experiencia fue cero empatía,0
"Nada que ver, poco profesional",0
Termina siendo poco claro,0
"La verdad, bastante un cacho",0
Termina siendo una lata,0
La experiencia fue mal atendido,0
Todo resultó una lata,0
Se siente puro humo,0
Francamente es improvisado,0
Termina siendo flojo,0
Termina siendo no cumple,0
Se siente vale callampa,0
"La verdad, bastante poco serio",0
"La verdad, bastante malísimo",0
Se siente confuso,0
Se siente decepcionante,0
Todo resultó decepcionante,0
"La verdad, bastante mal atendido",0
La experiencia fue poco claro,0
"La verdad, bastante cero empatía",0
Termina siendo frío,0
"En general, mal atendido",0
Termina siendo fome,0
"Nada que ver, cero empatía",0
Francamente es un cacho,0
Se siente frío,0
"En general, puro humo",0
La experiencia fue desordenado,0
"En general, improvisado",0
"La verdad, bastante una lata",0
"La verdad, bastante fome",0
Todo resultó vale callampa,0
Termina siendo poco profesional,0
"La verdad, bastante poco serio",0
Termina siendo poco serio,0
Termina siendo frío,0
"Nada que ver, cero empatía",0
Termina siendo no cumple,0
Termina siendo un cacho,0
Se siente frío,0
Francamente es vale callampa,0
La experiencia fue confuso,0
"Nada que ver, no da la talla",0
La experiencia fue frío,0
"En general, una lata",0
"En general, mal armado",0
"Nada que ver, puro humo",0
"Nada que ver, flojo",0
Termina siendo pesado,0
Francamente es latero,0
Se siente fome,0
Francamente es improvisado,0
Termina siendo cero empatía,0
Todo resultó latero,0
Termina siendo poco serio,0
La experiencia fue improvisado,0
Termina siendo no prende,0
Se siente frío,0
"En general, no prende",0
"La verdad, bastante improvisado",0
"En general, poco serio",0
"La verdad, bastante no cumple",0
La experiencia fue latero,0
Se siente poco serio,0
"En general, latero",0
Francamente es penca,0
"La verdad, bastante mal trato",0
"Nada que ver, mal atendido",0
"En general, no prende",0
Termina siendo frío,0
Termina siendo improvisado,0
"La verdad, bastante puro humo",0
"La verdad, bastante desordenado",0
"En general, frío",0
"Nada que ver, frío",0
"En general, decepcionante",0
Termina siendo frío,0
Francamente es confuso,0
Se siente mal atendido,0
Todo resultó confuso,0
"En general, frío",0
La experiencia fue poco profesional,0
"Nada que ver, no da la talla",0
"Nada que ver, mal armado",0
Todo resultó flojo,0
Se siente decepcionante,0
"La verdad, bastante cero empatía",0
Termina siendo latero,0
La experiencia fue no prende,0
Se siente decepcionante,0
Termina siendo desordenado,0
"La verdad, bastante no da la talla",0
"Nada que ver, mal armado",0
"La verdad, bastante no cumple",0
"En general, vale callampa",0
Se siente penca,0
Todo resultó desordenado,0
"La verdad, bastante mal trato",0
"Nada que ver, no prende",0
Todo resultó fome,0
Todo resultó decepcionante,0
"Nada que ver, un cacho",0
Termina siendo desordenado,0
Se siente mal armado,0
"La verdad, bastante cero empatía",0
Se siente malísimo,0
"Nada que ver, pesado",0
Todo resultó no prende,0
Se siente mal atendido,0
"Nada que ver, mal atendido",0
Todo resultó mal armado,0
Todo resultó no prende,0
Se siente pesado,0
La experiencia fue no prende,0
"En general, cero empatía",0
Se siente malísimo,0
Todo resultó un cacho,0
Francamente es no da la talla,0
"La verdad, bastante una lata",0
Francamente es decepcionante,0
"La verdad, bastante flojo",0
Todo resultó latero,0
Se siente latero,0
Termina siendo flojo,0
La experiencia fue poco claro,0
Todo resultó latero,0
La experiencia fue no prende,0
Se siente confuso,0
La experiencia fue mal atendido,0
Se siente flojo,0
La experiencia fue no da la talla,0
Francamente es desordenado,0
"En general, poco serio",0
Todo resultó poco profesional,0
"En general, poco claro",0
"La verdad, bastante puro humo",0
"La verdad, bastante fome",0
Todo resultó poco serio,0
"Nada que ver, penca",0
La experiencia fue fome,0
Termina siendo mal atendido,0
La experiencia fue malísimo,0
"En general, vale callampa",0
Francamente es pesado,0
"Nada que ver, mal atendido",0
Francamente es puro humo,0
"Nada que ver, no prende",0
"La verdad, bastante no cumple",0
La experiencia fue mal atendido,0
"La verdad, bastante decepcionante",0
Se siente malísimo,0
Francamente es flojo,0
"La verdad, bastante vale callampa",0
La experiencia fue puro humo,0
"La verdad, bastante no da la talla",0
Se siente no prende,0
Termina siendo decepcionante,0
"La verdad, bastante un cacho",0
"La verdad, bastante malísimo",0
Francamente es una lata,0
"En general, un cacho",0
"En general, no da la talla",0
"Nada que ver, latero",0
La experiencia fue mal trato,0
"En general, no prende",0
"La verdad, bastante poco serio",0
Se siente improvisado,0
"En general, fome",0
Francamente es poco profesional,0
La experiencia fue penca,0
"Nada que ver, penca",0
"Nada que ver, fome",0
"En general, vale callampa",0
La experiencia fue poco claro,0
"Nada que ver, improvisado",0
Todo resultó pesado,0
"La verdad, bastante no prende",0
Todo resultó fome,0
"La verdad, bastante poco profesional",0
Se siente improvisado,0
"La verdad, bastante poco claro",0
Todo resultó desordenado,0
"En general, penca",0
"Nada que ver, latero",0
Todo resultó malísimo,0
La experiencia fue fome,0
"La verdad, bastante mal armado",0
"En general, no da la talla",0
Todo resultó flojo,0
Todo resultó latero,0
"Nada que ver, mal armado",0
Todo resultó no da la talla,0
Todo resultó decepcionante,0
"Nada que ver, no cumple",0
Todo resultó improvisado,0
"En general, no cumple",0
"En general, improvisado",0
Se siente poco profesional,0
"Nada que ver, improvisado",0
Se siente malísimo,0
La experiencia fue penca,0
"En general, mal trato",0
"Nada que ver, no da la talla",0
"La verdad, bastante poco serio",0
Francamente es una lata,0
Todo resultó poco profesional,0
La experiencia fue mal atendido,0
Todo resultó flojo,0
"Nada que ver, flojo",0
Francamente es un cacho,0
"La verdad, bastante malísimo",0
Termina siendo improvisado,0
Se siente pesado,0
"La verdad, bastante mal armado",0
"La verdad, bastante confuso",0
Termina siendo vale callampa,0
"Nada que ver, cero empatía",0
La experiencia fue penca,0
"Nada que ver, fome",0
Francamente es vale callampa,0
Se siente desordenado,0
"Nada que ver, puro humo",0
"En general, desordenado",0
"La verdad, bastante cero empatía",0
Se siente improvisado,0
"En general, poco profesional",0
La experiencia fue una lata,0
"En general, latero",0
"En general, vale callampa",0
"En general, no da la talla",0
"La verdad, bastante decepcionante",0
"En general, mal trato",0
"En general, decepcionante",0
Todo resultó fome,0
Termina siendo malísimo,0
La experiencia fue poco serio,0
"Nada que ver, desordenado",0
Se siente mal atendido,0
"La verdad, bastante no prende",0
Se siente poco claro,0
"En general, flojo",0
Se siente fome,0
"La verdad, bastante malísimo",0
"La verdad, bastante fome",0
Termina siendo penca,0
Francamente es pesado,0
Todo resultó mal armado,0
"En general, confuso",0
Se siente flojo,0
Termina siendo no cumple,0
Todo resultó desordenado,0
Termina siendo confuso,0
Termina siendo flojo,0
Se siente un cacho,0
Francamente es vale callampa,0
Se siente latero,0
Francamente es frío,0
"Nada que ver, mal armado",0
La experiencia fue confuso,0
"En general, confuso",0
Francamente es poco profesional,0
"La verdad, bastante vale callampa",0
"La verdad, bastante desordenado",0
Todo resultó un cacho,0
Termina siendo mal armado,0
Francamente es mal trato,0
"La verdad, bastante latero",0
Todo resultó poco profesional,0
"Nada que ver, mal armado",0
Todo resultó poco claro,0
Todo resultó poco serio,0
Todo resultó cero empatía,0
Termina siendo puro humo,0
Francamente es poco serio,0
"Nada que ver, penca",0
"En general, confuso",0
Se siente un cacho,0
"En general, una lata",0
"La verdad, bastante mal atendido",0
Termina siendo poco claro,0
Se siente latero,0
Francamente es poco serio,0
Termina siendo un cacho,0
La experiencia fue poco profesional,0
Francamente es cero empatía,0
Francamente es cero empatía,0
La experiencia fue confuso,0
"En general, poco profesional",0
"La verdad, bastante fome",0
"La verdad, bastante improvisado",0
"En general, fome",0
"En general, confuso",0
Se siente poco profesional,0
Francamente es latero,0
Se siente poco serio,0
"Nada que ver, flojo",0
La experiencia fue flojo,0
Francamente es desordenado,0
"En general, pesado",0
Se siente mal armado,0
"La verdad, bastante confuso",0
"En general, fome",0
Se siente improvisado,0
Francamente es penca,0
La experiencia fue flojo,0
Se siente puro humo,0
"En general, decepcionante",0
"Nada que ver, penca",0
"Nada que ver, penca",0
"La verdad, bastante poco claro",0
Se siente poco profesional,0
La experiencia fue poco claro,0
Todo resultó mal trato,0
Se siente improvisado,0
Todo resultó decepcionante,0
Todo resultó latero,0
Todo resultó no prende,0
Termina siendo mal atendido,0
"Nada que ver, penca",0
Se siente mal trato,0
Francamente es mal trato,0
Se siente no da la talla,0
La experiencia fue no da la talla,0
Termina siendo mal trato,0
"Nada que ver, no prende",0
"En general, poco claro",0
Francamente es no cumple,0
La experiencia fue poco profesional,0
Francamente es poco claro,0
La experiencia fue flojo,0
"En general, una lata",0
La experiencia fue latero,0
Francamente es una lata,0
Francamente es poco claro,0
La experiencia fue cero empatía,0
Todo resultó no cumple,0
Termina siendo vale callampa,0
"La verdad, bastante no cumple",0
Todo resultó mal atendido,0
Francamente es no cumple,0
"En general, poco profesional",0
"En general, pesado",0
"Nada que ver, no cumple",0
Francamente es poco serio,0
La experiencia fue poco serio,0
"En general, vale callampa",0
Se siente una lata,0
"La verdad, bastante decepcionante",0
Todo resultó improvisado,0
"En general, poco claro",0
Francamente es no prende,0
"En general, frío",0
Termina siendo latero,0
Francamente es una lata,0
"En general, desordenado",0
"En general, mal armado",0
La experiencia fue poco profesional,0
Todo resultó frío,0
Termina siendo una lata,0
Francamente es no da la talla,0
"En general, mal atendido",0
Todo resultó fome,0
"La verdad, bastante malísimo",0
Se siente poco claro,0
Todo resultó vale callampa,0
"Nada que ver, fome",0
"Nada que ver, poco profesional",0
La experiencia fue mal trato,0
Se siente flojo,0
"Nada que ver, desordenado",0
La experiencia fue latero,0
Todo resultó penca,0
Todo resultó desordenado,0
Todo resultó mal trato,0
La experiencia fue flojo,0
Todo resultó poco serio,0
Todo resultó flojo,0
Termina siendo frío,0
Todo resultó no prende,0
"La verdad, bastante una lata",0
Termina siendo vale callampa,0
Todo resultó decepcionante,0
Todo resultó no da la talla,0
Todo resultó no da la talla,0
"Nada que ver, improvisado",0
Todo resultó poco profesional,0
"Nada que ver, fome",0
"Nada que ver, mal trato",0
Todo resultó mal atendido,0
"Nada que ver, improvisado",0
"La verdad, bastante penca",0
Se siente frío,0
"La verdad, bastante pesado",0
Francamente es fome,0
Termina siendo no prende,0
"En general, un cacho",0
Termina siendo no cumple,0
Termina siendo penca,0
"En general, vale callampa",0
La experiencia fue poco profesional,0
Termina siendo fome,0
Francamente es flojo,0
Se siente fome,0
La experiencia fue fome,0
"En general, una lata",0
"La verdad, bastante vale callampa",0
Se siente no da la talla,0
Todo resultó penca,0
"En general, puro humo",0
Francamente es pesado,0
"En general, decepcionante",0
"En general, un cacho",0
Todo resultó latero,0
Francamente es vale callampa,0
"La verdad, bastante flojo",0
Termina siendo latero,0
Se siente poco serio,0
La experiencia fue vale callampa,0
La experiencia fue malísimo,0
La experiencia fue no cumple,0
Se siente no prende,0
Francamente es latero,0
Termina siendo mal atendido,0
Se siente una lata,0
Francamente es no da la talla,0
"La verdad, bastante una lata",0
La experiencia fue vale callampa,0
La experiencia fue un cacho,0
La experiencia fue flojo,0
Todo resultó vale callampa,0
La experiencia fue mal atendido,0
Termina siendo mal atendido,0
Todo resultó vale callampa,0
"La verdad, bastante poco serio",0
Francamente es no prende,0
"Nada que ver, una lata",0
"En general, mal armado",0
"En general, una lata",0
Termina siendo poco serio,0
"Nada que ver, flojo",0
"La verdad, bastante latero",0
Francamente es latero,0
Se siente poco claro,0
La experiencia fue confuso,0
Termina siendo poco serio,0
Se siente cero empatía,0
"Nada que ver, improvisado",0
"Nada que ver, frío",0
Se siente mal trato,0
La experiencia fue vale callampa,0
Termina siendo poco serio,0
"La verdad, bastante improvisado",0
Termina siendo poco claro,0
Todo resultó malísimo,0
Termina siendo no da la talla,0
Francamente es penca,0
La experiencia fue no da la talla,0
La experiencia fue desordenado,0
Termina siendo improvisado,0
Termina siendo decepcionante,0
Termina siendo penca,0
Termina siendo cero empatía,0
"En general, flojo",0
"Nada que ver, improvisado",0
"En general, una lata",0
"Nada que ver, pesado",0
Todo resultó poco profesional,0
Se siente flojo,0
"La verdad, bastante malísimo",0
Todo resultó frío,0
"En general, un cacho",0
"La verdad, bastante improvisado",0
Termina siendo desordenado,0
Todo resultó desordenado,0
"En general, decepcionante",0
"Nada que ver, improvisado",0
"Nada que ver, mal atendido",0
"La verdad, bastante no da la talla",0
Francamente es no cumple,0
"La verdad, bastante poco serio",0
La experiencia fue pesado,0
Se siente mal armado,0
"La verdad, bastante malísimo",0
"En general, fome",0
Francamente es poco claro,0
Termina siendo un cacho,0
Todo resultó vale callampa,0
Termina siendo decepcionante,0
Termina siendo no prende,0
Francamente es decepcionante,0
"Nada que ver, poco claro",0
"Nada que ver, puro humo",0
"La verdad, bastante confuso",0
"En general, no da la talla",0
Se siente decepcionante,0
La experiencia fue mal trato,0
"La verdad, bastante no da la talla",0
Termina siendo confuso,0
Todo resultó malísimo,0
La experiencia fue fome,0
"La verdad, bastante cero empatía",0
"Nada que ver, no cumple",0
"Nada que ver, desordenado",0
La experiencia fue poco profesional,0
"Nada que ver, desordenado",0
Termina siendo no da la talla,0
"La verdad, bastante decepcionante",0
Todo resultó frío,0
"La verdad, bastante frío",0
"La verdad, bastante vale callampa",0
Termina siendo penca,0
Francamente es decepcionante,0
"Nada que ver, no da la talla",0
Se siente frío,0
Francamente es una lata,0
"En general, fome",0
Francamente es cero empatía,0
Francamente es decepcionante,0
Termina siendo cero empatía,0
La experiencia fue puro humo,0
Se siente latero,0
Francamente es decepcionante,0
La experiencia fue mal trato,0
La experiencia fue mal atendido,0
Se siente poco claro,0
Termina siendo flojo,0
Francamente es no da la talla,0
Todo resultó mal atendido,0
"La verdad, bastante mal atendido",0
Todo resultó mal atendido,0
Francamente es un cacho,0
Se siente no prende,0
"La verdad, bastante penca",0
Termina siendo una lata,0
"Nada que ver, mal atendido",0
Todo resultó pesado,0
Se siente mal armado,0
La experiencia fue poco claro,0
Francamente es flojo,0
Francamente es flojo,0
"En general, no cumple",0
"Nada que ver, no da la talla",0
Termina siendo poco profesional,0
La experiencia fue no da la talla,0
"La verdad, bastante vale callampa",0
Francamente es cero empatía,0
Todo resultó poco serio,0
"Nada que ver, malísimo",0
Se siente un cacho,0
"Nada que ver, desordenado",0
"En general, un cacho",0
Se siente no prende,0
Francamente es mal trato,0
"En general, no cumple",0
La experiencia fue vale callampa,0
Francamente es malísimo,0
"Nada que ver, no cumple",0
"En general, poco claro",0
"La verdad, bastante desordenado",0
"La verdad, bastante desordenado",0
Se siente pesado,0
"Nada que ver, malísimo",0
Todo resultó mal atendido,0
Termina siendo no cumple,0
La experiencia fue penca,0
"La verdad, bastante confuso",0
Termina siendo puro humo,0
Todo resultó puro humo,0
Francamente es improvisado,0
La experiencia fue poco claro,0
Francamente es cero empatía,0
Termina siendo no da la talla,0
"La verdad, bastante no da la talla",0
Francamente es no da la talla,0
Francamente es flojo,0
Termina siendo vale callampa,0
"La verdad, bastante mal armado",0
"En general, latero",0
"En general, flojo",0
Francamente es no cumple,0
"En general, un cacho",0
Se siente penca,0
Se siente flojo,0
La experiencia fue puro humo,0
"La verdad, bastante penca",0
Termina siendo decepcionante,0
"En general, mal atendido",0
Francamente es poco claro,0
"La verdad, bastante una lata",0
La experiencia fue frío,0
Termina siendo puro humo,0
"La verdad, bastante poco serio",0
Todo resultó poco claro,0
Termina siendo cero empatía,0
Francamente es frío,0
Francamente es improvisado,0
Francamente es decepcionante,0
Termina siendo fome,0
"La verdad, bastante cero empatía",0
"En general, fome",0
Todo resultó poco profesional,0
Termina siendo frío,0
Se siente mal trato,0
Francamente es una lata,0
Termina siendo penca,0
La experiencia fue frío,0
"Nada que ver, poco claro",0
Francamente es cero empatía,0
Termina siendo mal atendido,0
Termina siendo un cacho,0
La experiencia fue poco claro,0
"Nada que ver, mal armado",0
Se siente desordenado,0
"Nada que ver, pesado",0
Termina siendo una lata,0
Todo resultó flojo,0
Se siente cero empatía,0
La experiencia fue no da la talla,0
Termina siendo mal trato,0
Se siente desordenado,0
Se siente flojo,0
La experiencia fue mal armado,0
Todo resultó decepcionante,0
Se siente vale callampa,0
"En general, frío",0
"En general, no da la talla",0
"La verdad, bastante poco claro",0
"Nada que ver, pesado",0
"La verdad, bastante improvisado",0
Francamente es fome,0
Francamente es pesado,0
"La verdad, bastante fome",0
La experiencia fue decepcionante,0
Todo resultó poco claro,0
"En general, vale callampa",0
Todo resultó poco profesional,0
Termina siendo poco claro,0
"La verdad, bastante cero empatía",0
Francamente es cero empatía,0
Se siente fome,0
Se siente poco serio,0
Termina siendo penca,0
Todo resultó poco claro,0
Se siente pesado,0
"La verdad, bastante penca",0
Se siente poco claro,0
"Nada que ver, malísimo",0
"Nada que ver, poco claro",0
Francamente es pesado,0
Todo resultó pesado,0
"Nada que ver, latero",0
"La verdad, bastante vale callampa",0
La experiencia fue confuso,0
"Nada que ver, poco profesional",0
Termina siendo puro humo,0
La experiencia fue confuso,0
Francamente es latero,0
"Nada que ver, mal atendido",0
La experiencia fue confuso,0
Todo resultó mal trato,0
"La verdad, bastante decepcionante",0
Se siente vale callampa,0
Termina siendo mal atendido,0
"Nada que ver, vale callampa",0
Termina siendo pesado,0
"La verdad, bastante malísimo",0
La experiencia fue no da la talla,0
"Nada que ver, flojo",0
La experiencia fue un cacho,0
Termina siendo un cacho,0
"En general, flojo",0
Termina siendo no da la talla,0
"La verdad, bastante confuso",0
Francamente es pesado,0
"La verdad, bastante no prende",0
Termina siendo una lata,0
La experiencia fue penca,0
Termina siendo pesado,0
Todo resultó decepcionante,0
Termina siendo poco serio,0
Todo resultó flojo,0
Termina siendo pesado,0
"La verdad, bastante mal trato",0
"La verdad, bastante una lata",0
La experiencia fue confuso,0
"En general, no da la talla",0
"En general, mal armado",0
"La verdad, bastante no da la talla",0
La experiencia fue poco serio,0
"Nada que ver, pesado",0
Francamente es desordenado,0
"Nada que ver, poco serio",0
Se siente mal trato,0
Todo resultó confuso,0
Termina siendo puro humo,0
Todo resultó una lata,0
Todo resultó un cacho,0
Se siente no da la talla,0
Se siente flojo,0
La experiencia fue pesado,0
"La verdad, bastante fome",0
La experiencia fue improvisado,0
La experiencia fue vale callampa,0
Termina siendo penca,0
"La verdad, bastante no prende",0
"En general, poco profesional",0
"En general, poco serio",0
Termina siendo poco profesional,0
"La verdad, bastante un cacho",0
Termina siendo mal trato,0
"La verdad, bastante puro humo",0
La experiencia fue un cacho,0
Se siente desordenado,0
Todo resultó desordenado,0
"La verdad, bastante latero",0
Termina siendo una lata,0
Todo resultó improvisado,0
La experiencia fue decepcionante,0
Todo resultó mal atendido,0
Termina siendo puro humo,0
"En general, malísimo",0
"Nada que ver, latero",0
"En general, flojo",0
Francamente es mal trato,0
Termina siendo mal trato,0
Francamente es fome,0
"La verdad, bastante latero",0
Termina siendo un cacho,0
Francamente es frío,0
"En general, no cumple",0
"En general, no da la talla",0
Francamente es poco serio,0
"En general, malísimo",0
La experiencia fue malísimo,0
Francamente es poco claro,0
Se siente penca,0
"La verdad, bastante flojo",0
Francamente es frío,0
La experiencia fue cero empatía,0
"Nada que ver, no cumple",0
Francamente es no da la talla,0
Se siente penca,0
"Nada que ver, pesado",0
"En general, no cumple",0
Francamente es frío,0
La experiencia fue poco profesional,0
"La verdad, bastante fome",0
"La verdad, bastante poco profesional",0
"Nada que ver, flojo",0
La experiencia fue mal atendido,0
Todo resultó latero,0
La experiencia fue decepcionante,0
"En general, poco profesional",0
Se siente decepcionante,0
Todo resultó decepcionante,0
Termina siendo un cacho,0
Francamente es confuso,0
La experiencia fue puro humo,0
Termina siendo poco serio,0
"La verdad, bastante cero empatía",0
La experiencia fue puro humo,0
La experiencia fue latero,0
"Nada que ver, confuso",0
Francamente es mal trato,0
Termina siendo pesado,0
La experiencia fue no da la talla,0
Termina siendo poco profesional,0
Se siente poco profesional,0
Termina siendo pesado,0
Francamente es no cumple,0
Se siente desordenado,0
Todo resultó flojo,0
Todo resultó una lata,0
Francamente es desordenado,0
Se siente poco serio,0
"La verdad, bastante poco profesional",0
Se siente flojo,0
Todo resultó poco serio,0
Francamente es flojo,0
Francamente es no prende,0
"En general, puro humo",0
"La verdad, bastante mal atendido",0
Francamente es pesado,0
"Nada que ver, mal trato",0
"La verdad, bastante poco profesional",0
"En general, latero",0
"En general, poco profesional",0
"Nada que ver, poco serio",0
Francamente es latero,0
Termina siendo cero empatía,0
Termina siendo malísimo,0
La experiencia fue un cacho,0
Termina siendo malísimo,0
La experiencia fue confuso,0
Todo resultó malísimo,0
"En general, mal armado",0
Todo resultó una lata,0
Termina siendo confuso,0
La experiencia fue mal armado,0
La experiencia fue malísimo,0
"La verdad, bastante mal trato",0
"Nada que ver, mal trato",0
"En general, no prende",0
La experiencia fue pesado,0
Se siente mal armado,0
"En general, poco serio",0
"Nada que ver, poco claro",0
"Nada que ver, puro humo",0
Termina siendo no prende,0
"La verdad, bastante pesado",0
Todo resultó un cacho,0
Se siente mal atendido,0
Se siente mal atendido,0
Francamente es no prende,0
"La verdad, bastante malísimo",0
Termina siendo no cumple,0
"En general, vale callampa",0
La experiencia fue una lata,0
La experiencia fue fome,0
La experiencia fue decepcionante,0
Termina siendo latero,0
Francamente es confuso,0
"La verdad, bastante mal trato",0
"La verdad, bastante latero",0
La experiencia fue frío,0
"La verdad, bastante cero empatía",0
Se siente flojo,0
La experiencia fue latero,0
Todo resultó improvisado,0
"En general, un cacho",0
"Nada que ver, poco serio",0
Francamente es improvisado,0
Francamente es no cumple,0
La experiencia fue frío,0
La experiencia fue poco claro,0
Se siente no prende,0
"Nada que ver, mal trato",0
Francamente es mal armado,0
Todo resultó penca,0
La experiencia fue mal armado,0
Se siente mal trato,0
"La verdad, bastante vale callampa",0
Termina siendo fome,0
"En general, mal trato",0
Todo resultó no da la talla,0
"En general, frío",0
La experiencia fue puro humo,0
La experiencia fue vale callampa,0
Todo resultó poco serio,0
"La verdad, bastante pesado",0
"En general, desordenado",0
Se siente poco claro,0
"En general, frío",0
Se siente pesado,0
Francamente es latero,0
"Nada que ver, cero empatía",0
Termina siendo flojo,0
Todo resultó penca,0
"En general, cero empatía",0
Todo resultó cero empatía,0
"La verdad, bastante mal atendido",0
Se siente mal atendido,0
La experiencia fue un cacho,0
"En general, confuso",0
"En general, malísimo",0
Termina siendo mal trato,0
Se siente no cumple,0
"En general, improvisado",0
La experiencia fue mal armado,0
Se siente mal trato,0
Se siente confuso,0
"En general, puro humo",0
"En general, un cacho",0
Todo resultó mal trato,0
Se siente penca,0
Se siente pesado,0
Francamente es confuso,0
Todo resultó penca,0
Francamente es confuso,0
Francamente es decepcionante,0
"La verdad, bastante fome",0
Francamente es improvisado,0
"Nada que ver, poco profesional",0
La experiencia fue una lata,0
Termina siendo no prende,0
Francamente es decepcionante,0
Todo resultó poco claro,0
Termina siendo decepcionante,0
Se siente puro humo,0
"Nada que ver, decepcionante",0
"En general, confuso",0
"En general, decepcionante",0
Termina siendo mal armado,0
Todo resultó puro humo,0
Se siente pesado,0
"Nada que ver, latero",0
Francamente es penca,0
Francamente es desordenado,0
Todo resultó fome,0
"En general, puro humo",0
Todo resultó improvisado,0
Francamente es una lata,0
Termina siendo desordenado,0
Francamente es desordenado,0
"Nada que ver, flojo",0
Francamente es no da la talla,0
Todo resultó no cumple,0
Todo resultó decepcionante,0
"Nada que ver, cero empatía",0
"En general, no prende",0
Francamente es no da la talla,0
Todo resultó confuso,0
La experiencia fue poco profesional,0
"En general, improvisado",0
"Nada que ver, vale callampa",0
La experiencia fue decepcionante,0
La experiencia fue poco profesional,0
Todo resultó penca,0
Termina siendo frío,0
"En general, poco profesional",0
"Nada que ver, vale callampa",0
Francamente es no prende,0
Se siente mal armado,0
Termina siendo mal atendido,0
"Nada que ver, flojo",0
La experiencia fue no da la talla,0
La experiencia fue cero empatía,0
Francamente es no prende,0
Francamente es pesado,0
Todo resultó confuso,0
La experiencia fue vale callampa,0
La experiencia fue mal armado,0
"La verdad, bastante improvisado",0
Termina siendo fome,0
Todo resultó frío,0
Francamente es no cumple,0
"Nada que ver, improvisado",0
La experiencia fue desordenado,0
"En general, mal armado",0
Termina siendo fome,0
"La verdad, bastante fome",0
"Nada que ver, mal trato",0
"En general, vale callampa",0
"La verdad, bastante un cacho",0
"En general, puro humo",0
Francamente es cero empatía,0
"La verdad, bastante no prende",0
Termina siendo improvisado,0
La experiencia fue frío,0
Francamente es confuso,0
"Nada que ver, poco claro",0
Termina siendo poco serio,0
"Nada que ver, cero empatía",0
"La verdad, bastante poco serio",0
Todo resultó fome,0
"Nada que ver, una lata",0
"La verdad, bastante poco claro",0
Francamente es mal armado,0
La experiencia fue poco profesional,0
Francamente es penca,0
Todo resultó desordenado,0
"En general, cero empatía",0
La experiencia fue poco serio,0
"En general, improvisado",0
"La verdad, bastante no cumple",0
La experiencia fue latero,0
"Nada que ver, decepcionante",0
Se siente puro humo,0
Todo resultó no prende,0
La experiencia fue latero,0
La experiencia fue poco profesional,0
Termina siendo vale callampa,0
"La verdad, bastante no cumple",0
"Nada que ver, vale callampa",0
Todo resultó pesado,0
Francamente es latero,0
Francamente es mal armado,0
"La verdad, bastante malísimo",0
Francamente es decepcionante,0
"Nada que ver, mal armado",0
"Nada que ver, frío",0
Todo resultó poco claro,0
Todo resultó puro humo,0
Francamente es mal atendido,0
"Nada que ver, vale callampa",0
Francamente es un cacho,0
Todo resultó poco profesional,0
"La verdad, bastante una lata",0
Todo resultó decepcionante,0
Termina siendo penca,0
"Nada que ver, improvisado",0
Todo resultó fome,0
Se siente no cumple,0
"Nada que ver, puro humo",0
Termina siendo confuso,0
La experiencia fue poco serio,0
Todo resultó cero empatía,0
La experiencia fue poco profesional,0
La experiencia fue mal trato,0
Francamente es confuso,0
La experiencia fue puro humo,0
Todo resultó no da la talla,0
Se siente cero empatía,0
Todo resultó un cacho,0
Termina siendo mal atendido,0
Todo resultó frío,0
Termina siendo no cumple,0
Termina siendo mal atendido,0
La experiencia fue confuso,0
Francamente es poco profesional,0
La experiencia fue penca,0
Se siente no da la talla,0
Todo resultó puro humo,0
Francamente es confuso,0
"Nada que ver, fome",0
Termina siendo decepcionante,0
Francamente es malísimo,0
Se siente mal atendido,0
La experiencia fue pesado,0
Termina siendo puro humo,0
"La verdad, bastante mal atendido",0
Todo resultó mal armado,0
La experiencia fue improvisado,0
Todo resultó poco profesional,0
"Nada que ver, penca",0
"Nada que ver, un cacho",0
"En general, penca",0
Termina siendo mal armado,0
Termina siendo frío,0
"En general, una lata",0
"La verdad, bastante latero",0
Se siente malísimo,0
"Nada que ver, confuso",0
Francamente es improvisado,0
"En general, una lata",0
Todo resultó cero empatía,0
"Nada que ver, flojo",0
Se siente una lata,0
La experiencia fue malísimo,0
Termina siendo flojo,0
Termina siendo frío,0
"En general, penca",0
Todo resultó penca,0
Todo resultó una lata,0
"Nada que ver, poco profesional",0
Todo resultó penca,0
Todo resultó mal trato,0
Todo resultó poco claro,0
"En general, malísimo",0
Francamente es no prende,0
"En general, flojo",0
"En general, mal atendido",0
La experiencia fue poco serio,0
"En general, confuso",0
"En general, no cumple",0
Francamente es improvisado,0
La experiencia fue no da la talla,0
Todo resultó desordenado,0
"En general, frío",0
Se siente malísimo,0
Termina siendo confuso,0
Francamente es desordenado,0
"Nada que ver, frío",0
"En general, frío",0
La experiencia fue confuso,0
La experiencia fue cero empatía,0
"En general, penca",0
Se siente cero empatía,0
Francamente es mal atendido,0
La experiencia fue fome,0
"Nada que ver, cero empatía",0
Francamente es pesado,0
Se siente mal armado,0
Se siente mal trato,0
"En general, mal trato",0
"La verdad, bastante poco serio",0
"Nada que ver, decepcionante",0
La experiencia fue penca,0
Termina siendo mal armado,0
Francamente es desordenado,0
La experiencia fue no prende,0
Termina siendo mal trato,0
Termina siendo desordenado,0
"La verdad, bastante poco serio",0
Todo resultó decepcionante,0
"Nada que ver, no cumple",0
La experiencia fue una lata,0
"Nada que ver, improvisado",0
"La verdad, bastante no cumple",0
La experiencia fue pesado,0
Termina siendo no da la talla,0
"Nada que ver, malísimo",0
Todo resultó puro humo,0
"Nada que ver, improvisado",0
"En general, mal trato",0
"Nada que ver, cero empatía",0
"Nada que ver, mal armado",0
Se siente confuso,0
"La verdad, bastante un cacho",0
"En general, no prende",0
Termina siendo flojo,0
Se siente poco profesional,0
"Nada que ver, pesado",0
La experiencia fue poco serio,0
Todo resultó mal armado,0
Se siente no prende,0
La experiencia fue no cumple,0
Se siente mal trato,0
Se siente un cacho,0
La experiencia fue cero empatía,0
Termina siendo no cumple,0
Se siente frío,0
Francamente es mal trato,0
"En general, vale callampa",0
"En general, cero empatía",0
"La verdad, bastante desordenado",0
Termina siendo penca,0
Todo resultó un cacho,0
Termina siendo puro humo,0
Se siente no prende,0
"Nada que ver, no da la talla",0
Se siente fome,0
Se siente poco serio,0
"Nada que ver, desordenado",0
Se siente no da la talla,0
"La verdad, bastante malísimo",0
La experiencia fue vale callampa,0
La experiencia fue poco serio,0
Termina siendo penca,0
"Nada que ver, pesado",0
Francamente es fome,0
Se siente penca,0
Francamente es latero,0
Todo resultó pesado,0
"Nada que ver, mal armado",0
Termina siendo puro humo,0
Francamente es mal trato,0
La experiencia fue mal armado,0
La experiencia fue vale callampa,0
Francamente es confuso,0
Termina siendo mal atendido,0
Termina siendo mal trato,0
"La verdad, bastante mal armado",0
La experiencia fue mal trato,0
"La verdad, bastante cero empatía",0
"En general, decepcionante",0
Todo resultó cero empatía,0
"Nada que ver, frío",0
La experiencia fue improvisado,0
"La verdad, bastante fome",0
La experiencia fue poco serio,0
Termina siendo penca,0
Se siente decepcionante,0
"La verdad, bastante una lata",0
Se siente improvisado,0
"La verdad, bastante malísimo",0
"La verdad, bastante poco claro",0
"La verdad, bastante mal armado",0
"La verdad, bastante frío",0
La experiencia fue latero,0
Termina siendo frío,0
"La verdad, bastante fome",0
Se siente decepcionante,0
Se siente confuso,0
"La verdad, bastante penca",0
Termina siendo flojo,0
"La verdad, bastante no prende",0
La experiencia fue no prende,0
La experiencia fue fome,0
La experiencia fue puro humo,0
Francamente es mal atendido,0
Se siente un cacho,0
"En general, malísimo",0
Termina siendo pesado,0
La experiencia fue no da la talla,0
"En general, mal armado",0
Francamente es flojo,0
Termina siendo fome,0
Todo resultó pesado,0
Termina siendo flojo,0
"En general, un cacho",0
"La verdad, bastante malísimo",0
"La verdad, bastante confuso",0
"En general, mal atendido",0
Se siente una lata,0
Francamente es frío,0
La experiencia fue fome,0
La experiencia fue cero empatía,0
"En general, mal atendido",0
"En general, malísimo",0
"En general, puro humo",0
"Nada que ver, improvisado",0
"En general, malísimo",0
"La verdad, bastante puro humo",0
Todo resultó poco claro,0
"En general, puro humo",0
Se siente cero empatía,0
La experiencia fue latero,0
Se siente no prende,0
"La verdad, bastante un cacho",0
"La verdad, bastante una lata",0
Termina siendo cero empatía,0
Termina siendo penca,0
Todo resultó vale callampa,0
"Nada que ver, malísimo",0
Termina siendo poco profesional,0
Francamente es pesado,0
Se siente malísimo,0
Todo resultó decepcionante,0
"La verdad, bastante no prende",0
"En general, mal armado",0
La experiencia fue mal trato,0
Todo resultó no prende,0
Se siente no da la talla,0
"Nada que ver, puro humo",0
Francamente es fome,0
"La verdad, bastante mal armado",0
"Nada que ver, poco claro",0
"La verdad, bastante confuso",0
Termina siendo penca,0
Se siente cero empatía,0
"En general, un cacho",0
Termina siendo mal atendido,0
La experiencia fue no da la talla,0
Todo resultó poco claro,0
"En general, una lata",0
Francamente es decepcionante,0
"En general, no prende",0
Francamente es poco profesional,0
"La verdad, bastante confuso",0
Termina siendo no prende,0
Francamente es vale callampa,0
Todo resultó latero,0
Todo resultó vale callampa,0
Se siente un cacho,0
Se siente cero empatía,0
"En general, desordenado",0
"Nada que ver, desordenado",0
La experiencia fue vale callampa,0
"La verdad, bastante un cacho",0
Termina siendo no cumple,0
Termina siendo frío,0
Todo resultó no prende,0
"En general, mal atendido",0
"En general, mal armado",0
Se siente puro humo,0
Francamente es buen nivel,1
La experiencia fue la raja,1
"La verdad, bastante amable",1
Termina siendo correcto,1
Se siente bien pensado,1
"La verdad, bastante buena onda",1
Termina siendo buena onda,1
Se siente prolijo,1
"En general, recomendable",1
"La verdad, bastante bacán",1
"La verdad, bastante bien hecho",1
Todo resultó funciona perfecto,1
Termina siendo agradable,1
"La verdad, bastante recomendable",1
La experiencia fue buena onda,1
"En general, bien resuelto",1
Se siente amable,1
Se siente confiable,1
Francamente es responsable,1
Todo resultó prolijo,1
Termina siendo de calidad,1
"En general, rápido",1
Muy correcto,1
La experiencia fue de calidad,1
Muy bien hecho,1
"La verdad, bastante bien resuelto",1
Todo resultó recomendable,1
Todo resultó bien logrado,1
"En general, de calidad",1
La experiencia fue bien pensado,1
Termina siendo impecable,1
"La verdad, bastante la raja",1
Todo resultó agradable,1
Muy recomendable,1
Francamente es bien logrado,1
Se siente cumple bien,1
"La verdad, bastante sorprende",1
Francamente es recomendable,1
"La verdad, bastante eficiente",1
Termina siendo buen nivel,1
"En general, confiable",1
Termina siendo responsable,1
Se siente confiable,1
Termina siendo bien hecho,1
Francamente es de calidad,1
Termina siendo bien hecho,1
Se siente bien logrado,1
"En general, agradable",1
"La verdad, bastante cumple bien",1
Muy correcto,1
Muy buena onda,1
Termina siendo buen nivel,1
Francamente es prolijo,1
Francamente es bien hecho,1
Francamente es confiable,1
Termina siendo bacán,1
"La verdad, bastante sorprende",1
Muy filete,1
Termina siendo bacán,1
Se siente la raja,1
Francamente es impecable,1
"En general, recomendable",1
Francamente es impecable,1
Termina siendo de calidad,1
La experiencia fue agradable,1
Muy funciona perfecto,1
Se siente bacán,1
Todo resultó se nota el cuidado,1
"La verdad, bastante amable",1
"La verdad, bastante bien logrado",1
La experiencia fue eficiente,1
Francamente es de calidad,1
Se siente se nota el cuidado,1
Todo resultó de calidad,1
Termina siendo agradable,1
Todo resultó bien resuelto,1
La experiencia fue sorprende,1
La experiencia fue funciona perfecto,1
La experiencia fue cumple bien,1
Todo resultó correcto,1
"La verdad, bastante sorprende",1
Se siente impecable,1
Se siente de calidad,1
Muy amable,1
La experiencia fue correcto,1
"La verdad, bastante amable",1
"En general, muy piola",1
Todo resultó responsable,1
Todo resultó sorprende,1
Francamente es bien logrado,1
Se siente bien logrado,1
Muy bacán,1
La experiencia fue sorprende,1
Todo resultó impecable,1
"La verdad, bastante recomendable",1
Francamente es la raja,1
La experiencia fue bien pensado,1
La experiencia fue responsable,1
La experiencia fue recomendable,1
"En general, funciona perfecto",1
La experiencia fue sorprende,1
Muy se nota el cuidado,1
"En general, rápido",1
Se siente bien resuelto,1
"En general, bacán",1
Todo resultó cumple bien,1
Se siente bacán,1
La experiencia fue amable,1
Se siente buen nivel,1
"La verdad, bastante eficiente",1
Muy funciona perfecto,1
"En general, bien logrado",1
"La verdad, bastante eficiente",1
Todo resultó bacán,1
La experiencia fue prolijo,1
Se siente recomendable,1
Francamente es muy piola,1
La experiencia fue rápido,1
Termina siendo funciona perfecto,1
Termina siendo sorprende,1
La experiencia fue de calidad,1
Se siente buena onda,1
Se siente confiable,1
"En general, filete",1
Se siente bien pensado,1
"La verdad, bastante sorprende",1
"La verdad, bastante muy piola",1
Todo resultó confiable,1
Muy buena onda,1
Francamente es prolijo,1
Termina siendo prolijo,1
Todo resultó bacán,1
Se siente buen nivel,1
"En general, bacán",1
Muy agradable,1
Se siente rápido,1
La experiencia fue impecable,1
"La verdad, bastante se nota el cuidado",1
La experiencia fue bacán,1
Todo resultó bien pensado,1
"En general, confiable",1
"En general, recomendable",1
Se siente correcto,1
Todo resultó buena onda,1
"La verdad, bastante buena onda",1
"En general, amable",1
Muy muy piola,1
"La verdad, bastante sorprende",1
"La verdad, bastante agradable",1
"En general, buen nivel",1
Francamente es buena onda,1
"En general, bien hecho",1
Termina siendo impecable,1
"En general, bien hecho",1
"La verdad, bastante responsable",1
Se siente rápido,1
Se siente bien hecho,1
Todo resultó buena onda,1
La experiencia fue sorprende,1
La experiencia fue se nota el cuidado,1
Todo resultó bacán,1
Se siente correcto,1
Termina siendo buen nivel,1
Termina siendo de calidad,1
Termina siendo confiable,1
Se siente de calidad,1
Se siente eficiente,1
"En general, bacán",1
Francamente es la raja,1
"En general, bien logrado",1
La experiencia fue eficiente,1
Termina siendo bien pensado,1
Francamente es prolijo,1
Todo resultó bien resuelto,1
Francamente es la raja,1
Francamente es correcto,1
"En general, eficiente",1
Termina siendo muy piola,1
La experiencia fue filete,1
Termina siendo bien hecho,1
"La verdad, bastante filete",1
Se siente buen nivel,1
Muy bien logrado,1
"La verdad, bastante impecable",1
Francamente es la raja,1
Se siente rápido,1
Francamente es filete,1
Se siente sorprende,1
"En general, bien resuelto",1
Se siente bacán,1
Francamente es agradable,1
Francamente es correcto,1
Termina siendo muy piola,1
Muy de calidad,1
"En general, bien pensado",1
La experiencia fue amable,1
La experiencia fue impecable,1
Termina siendo la raja,1
"En general, bien hecho",1
Se siente confiable,1
Se siente sorprende,1
Todo resultó eficiente,1
Francamente es filete,1
Todo resultó recomendable,1
Todo resultó bien resuelto,1
"La verdad, bastante confiable",1
"En general, la raja",1
"La verdad, bastante recomendable",1
La experiencia fue sorprende,1
Se siente correcto,1
La experiencia fue bien logrado,1
La experiencia fue bacán,1
Termina siendo bien logrado,1
Termina siendo amable,1
Todo resultó cumple bien,1
"La verdad, bastante amable",1
Termina siendo de calidad,1
Francamente es muy piola,1
"En general, filete",1
Muy de calidad,1
"En general, buen nivel",1
Muy muy piola,1
Francamente es amable,1
La experiencia fue bien logrado,1
Termina siendo bacán,1
Todo resultó recomendable,1
Se siente funciona perfecto,1
"En general, rápido",1
Termina siendo agradable,1
Se siente bien hecho,1
"En general, bacán",1
Francamente es buena onda,1
Francamente es funciona perfecto,1
Francamente es muy piola,1
Muy se nota el cuidado,1
Francamente es la raja,1
"La verdad, bastante se nota el cuidado",1
Francamente es buen nivel,1
Se siente buena onda,1
Se siente rápido,1
"La verdad, bastante correcto",1
La experiencia fue buen nivel,1
Todo resultó la raja,1
"La verdad, bastante la raja",1
Muy prolijo,1
"La verdad, bastante rápido",1
"En general, bacán",1
"En general, bacán",1
Muy se nota el cuidado,1
Francamente es eficiente,1
Termina siendo amable,1
Francamente es agradable,1
"La verdad, bastante buen nivel",1
"En general, agradable",1
"La verdad, bastante buena onda",1
"En general, se nota el cuidado",1
"La verdad, bastante cumple bien",1
La experiencia fue filete,1
La experiencia fue prolijo,1
Termina siendo bacán,1
La experiencia fue amable,1
Francamente es prolijo,1
"En general, filete",1
"En general, se nota el cuidado",1
Muy bien hecho,1
Se siente confiable,1
"En general, cumple bien",1
"En general, bien logrado",1
Francamente es sorprende,1
Termina siendo agradable,1
Muy eficiente,1
Todo resultó impecable,1
Termina siendo funciona perfecto,1
Muy funciona perfecto,1
La experiencia fue agradable,1
Se siente recomendable,1
"En general, prolijo",1
"En general, buen nivel",1
"La verdad, bastante correcto",1
Se siente cumple bien,1
Francamente es impecable,1
Termina siendo recomendable,1
"La verdad, bastante impecable",1
"En general, correcto",1
La experiencia fue rápido,1
Muy cumple bien,1
Muy la raja,1
Termina siendo amable,1
Muy funciona perfecto,1
Se siente filete,1
Termina siendo bacán,1
Todo resultó bien logrado,1
"En general, amable",1
Muy la raja,1
La experiencia fue eficiente,1
La experiencia fue buen nivel,1
"La verdad, bastante filete",1
Termina siendo muy piola,1
Se siente correcto,1
"En general, responsable",1
"En general, correcto",1
Se siente agradable,1
Se siente se nota el cuidado,1
La experiencia fue bien resuelto,1
"En general, responsable",1
Termina siendo muy piola,1
"La verdad, bastante rápido",1
Se siente buen nivel,1
Todo resultó funciona perfecto,1
Muy muy piola,1
La experiencia fue sorprende,1
Termina siendo rápido,1
La experiencia fue bien hecho,1
Francamente es responsable,1
"La verdad, bastante confiable",1
La experiencia fue muy piola,1
"En general, agradable",1
Muy bien resuelto,1
Se siente impecable,1
Todo resultó agradable,1
Muy agradable,1
Muy recomendable,1
La experiencia fue bacán,1
Francamente es buen nivel,1
Termina siendo filete,1
Francamente es bien hecho,1
Termina siendo cumple bien,1
"En general, filete",1
Se siente de calidad,1
La experiencia fue sorprende,1
Termina siendo cumple bien,1
Muy responsable,1
"En general, rápido",1
"La verdad, bastante cumple bien",1
"La verdad, bastante funciona perfecto",1
Se siente buen nivel,1
Se siente amable,1
Muy cumple bien,1
"La verdad, bastante filete",1
La experiencia fue muy piola,1
"La verdad, bastante buen nivel",1
Termina siendo cumple bien,1
Se siente muy piola,1
Se siente confiable,1
Todo resultó bien pensado,1
Se siente bien pensado,1
Francamente es agradable,1
La experiencia fue funciona perfecto,1
"En general, cumple bien",1
Francamente es se nota el cuidado,1
Francamente es se nota el cuidado,1
"En general, se nota el cuidado",1
"La verdad, bastante filete",1
La experiencia fue de calidad,1
"En general, amable",1
Muy cumple bien,1
Todo resultó sorprende,1
Todo resultó impecable,1
Francamente es la raja,1
La experiencia fue recomendable,1
La experiencia fue de calidad,1
Todo resultó sorprende,1
"En general, se nota el cuidado",1
Se siente funciona perfecto,1
"La verdad, bastante correcto",1
Se siente muy piola,1
"La verdad, bastante bacán",1
"La verdad, bastante sorprende",1
"En general, muy piola",1
Termina siendo muy piola,1
La experiencia fue buen nivel,1
La experiencia fue amable,1
Se siente funciona perfecto,1
"En general, eficiente",1
Francamente es filete,1
Termina siendo bien hecho,1
Todo resultó recomendable,1
Todo resultó agradable,1
La experiencia fue bien resuelto,1
"La verdad, bastante prolijo",1
La experiencia fue la raja,1
"En general, bien logrado",1
Muy bien resuelto,1
"En general, bien pensado",1
"La verdad, bastante muy piola",1
Termina siendo de calidad,1
Muy agradable,1
Todo resultó la raja,1
Muy impecable,1
La experiencia fue funciona perfecto,1
"La verdad, bastante bacán",1
"En general, impecable",1
La experiencia fue responsable,1
La experiencia fue filete,1
Se siente rápido,1
Termina siendo bacán,1
Se siente filete,1
"En general, agradable",1
Todo resultó muy piola,1
Francamente es recomendable,1
La experiencia fue buen nivel,1
La experiencia fue eficiente,1
"En general, de calidad",1
"En general, bien pensado",1
Todo resultó filete,1
Francamente es buen nivel,1
Todo resultó se nota el cuidado,1
Muy eficiente,1
Todo resultó prolijo,1
Termina siendo muy piola,1
Todo resultó recomendable,1
La experiencia fue bien pensado,1
Todo resultó bacán,1
Se siente bien hecho,1
Se siente prolijo,1
Termina siendo prolijo,1
Muy bien logrado,1
La experiencia fue prolijo,1
"La verdad, bastante bacán",1
Se siente correcto,1
Se siente la raja,1
Se siente prolijo,1
Todo resultó se nota el cuidado,1
Se siente amable,1
Francamente es amable,1
"La verdad, bastante responsable",1
Se siente sorprende,1
La experiencia fue responsable,1
Francamente es cumple bien,1
Francamente es buena onda,1
La experiencia fue prolijo,1
Francamente es funciona perfecto,1
Se siente sorprende,1
La experiencia fue impecable,1
Francamente es amable,1
"La verdad, bastante funciona perfecto",1
"La verdad, bastante confiable",1
Termina siendo funciona perfecto,1
La experiencia fue bien resuelto,1
"En general, agradable",1
"En general, bien pensado",1
Se siente confiable,1
"En general, prolijo",1
Se siente responsable,1
La experiencia fue bien logrado,1
Francamente es se nota el cuidado,1
Termina siendo de calidad,1
"La verdad, bastante cumple bien",1
Muy bacán,1
Muy bien pensado,1
"La verdad, bastante la raja",1
La experiencia fue correcto,1
Todo resultó bien resuelto,1
Todo resultó bien logrado,1
"En general, eficiente",1
La experiencia fue recomendable,1
Muy se nota el cuidado,1
Todo resultó bacán,1
"En general, rápido",1
Muy buena onda,1
"La verdad, bastante responsable",1
Se siente filete,1
Francamente es agradable,1
La experiencia fue bien hecho,1
Francamente es funciona perfecto,1
Francamente es se nota el cuidado,1
Muy filete,1
Termina siendo la raja,1
Se siente bien logrado,1
Todo resultó bien hecho,1
Se siente bien resuelto,1
"En general, rápido",1
"En general, bien resuelto",1
"En general, bien hecho",1
Todo resultó rápido,1
Se siente confiable,1
"La verdad, bastante amable",1
"En general, amable",1
"La verdad, bastante bien logrado",1
Muy funciona perfecto,1
La experiencia fue responsable,1
"En general, recomendable",1
"En general, funciona perfecto",1
Todo resultó funciona perfecto,1
"La verdad, bastante amable",1
Muy recomendable,1
"En general, cumple bien",1
Muy recomendable,1
"La verdad, bastante bien pensado",1
La experiencia fue filete,1
Termina siendo de calidad,1
"En general, bacán",1
Todo resultó bacán,1
Francamente es se nota el cuidado,1
"La verdad, bastante la raja",1
"En general, agradable",1
Muy funciona perfecto,1
Muy bien resuelto,1
Todo resultó confiable,1
"En general, buena onda",1
"La verdad, bastante recomendable",1
Se siente bien pensado,1
"En general, filete",1
Termina siendo muy piola,1
Muy filete,1
"La verdad, bastante buen nivel",1
Muy buena onda,1
Termina siendo responsable,1
Todo resultó agradable,1
Se siente responsable,1
Muy muy piola,1
Se siente bien logrado,1
Todo resultó agradable,1
Francamente es responsable,1
Todo resultó bien pensado,1
"En general, buen nivel",1
Todo resultó filete,1
Francamente es muy piola,1
Francamente es impecable,1
Se siente prolijo,1
"La verdad, bastante se nota el cuidado",1
Francamente es buena onda,1
Francamente es amable,1
La experiencia fue amable,1
Muy funciona perfecto,1
Todo resultó amable,1
Se siente se nota el cuidado,1
Francamente es confiable,1
"La verdad, bastante impecable",1
La experiencia fue bacán,1
Muy correcto,1
Muy muy piola,1
"La verdad, bastante bien hecho",1
La experiencia fue eficiente,1
Se siente buena onda,1
Francamente es cumple bien,1
Termina siendo bien resuelto,1
"En general, filete",1
Se siente correcto,1
"La verdad, bastante funciona perfecto",1
"La verdad, bastante sorprende",1
Francamente es amable,1
Termina siendo prolijo,1
Se siente cumple bien,1
"En general, cumple bien",1
Termina siendo amable,1
"En general, sorprende",1
Termina siendo la raja,1
Francamente es bien pensado,1
"En general, correcto",1
La experiencia fue confiable,1
Termina siendo eficiente,1
La experiencia fue bien logrado,1
Muy amable,1
Se siente sorprende,1
"En general, buen nivel",1
Todo resultó la raja,1
Termina siendo responsable,1
Se siente bien pensado,1
Se siente buena onda,1
"La verdad, bastante bien logrado",1
La experiencia fue impecable,1
Termina siendo recomendable,1
Todo resultó recomendable,1
"En general, recomendable",1
"En general, muy piola",1
Todo resultó sorprende,1
La experiencia fue amable,1
Todo resultó muy piola,1
Muy responsable,1
La experiencia fue buen nivel,1
La experiencia fue bien logrado,1
"En general, bien hecho",1
Muy muy piola,1
Termina siendo confiable,1
La experiencia fue bien resuelto,1
Termina siendo correcto,1
"La verdad, bastante buena onda",1
Todo resultó la raja,1
Muy bien resuelto,1
Se siente recomendable,1
La experiencia fue muy piola,1
Todo resultó filete,1
Muy buen nivel,1
Termina siendo bien hecho,1
"La verdad, bastante bien hecho",1
"En general, muy piola",1
Muy rápido,1
Francamente es bien hecho,1
La experiencia fue prolijo,1
Termina siendo bien pensado,1
Muy funciona perfecto,1
Francamente es amable,1
La experiencia fue rápido,1
Todo resultó cumple bien,1
La experiencia fue amable,1
Todo resultó cumple bien,1
"En general, la raja",1
Termina siendo bien logrado,1
Muy buena onda,1
Todo resultó cumple bien,1
"La verdad, bastante correcto",1
Se siente bien pensado,1
La experiencia fue bacán,1
Francamente es recomendable,1
Todo resultó bien hecho,1
Francamente es funciona perfecto,1
"En general, bacán",1
Termina siendo filete,1
Muy bien pensado,1
"La verdad, bastante eficiente",1
Todo resultó correcto,1
"En general, amable",1
Todo resultó bien hecho,1
La experiencia fue impecable,1
"La verdad, bastante correcto",1
"En general, confiable",1
La experiencia fue muy piola,1
Todo resultó bien pensado,1
"La verdad, bastante impecable",1
Muy bien hecho,1
Termina siendo confiable,1
Muy cumple bien,1
"En general, bien pensado",1
"En general, filete",1
"En general, recomendable",1
Termina siendo agradable,1
"La verdad, bastante funciona perfecto",1
Muy filete,1
Todo resultó sorprende,1
Todo resultó responsable,1
"En general, la raja",1
Termina siendo recomendable,1
"La verdad, bastante buena onda",1
"La verdad, bastante confiable",1
Termina siendo bacán,1
Se siente agradable,1
"La verdad, bastante correcto",1
"En general, muy piola",1
La experiencia fue bien resuelto,1
Muy confiable,1
Termina siendo eficiente,1
"En general, bien pensado",1
Termina siendo confiable,1
Muy muy piola,1
La experiencia fue responsable,1
Termina siendo funciona perfecto,1
"La verdad, bastante amable",1
Francamente es prolijo,1
Se siente buena onda,1
La experiencia fue impecable,1
Se siente bien pensado,1
Termina siendo buen nivel,1
Muy bacán,1
Se siente confiable,1
Termina siendo correcto,1
"La verdad, bastante muy piola",1
"La verdad, bastante muy piola",1
"La verdad, bastante buen nivel",1
Termina siendo de calidad,1
Se siente correcto,1
Muy amable,1
La experiencia fue rápido,1
Se siente amable,1
Termina siendo bien logrado,1
Se siente funciona perfecto,1
La experiencia fue bien logrado,1
"La verdad, bastante filete",1
Termina siendo rápido,1
Se siente bien pensado,1
Termina siendo agradable,1
"En general, filete",1
La experiencia fue bien resuelto,1
Termina siendo rápido,1
La experiencia fue impecable,1
La experiencia fue eficiente,1
Muy bacán,1
"En general, bacán",1
"En general, eficiente",1
Se siente sorprende,1
"En general, filete",1
La experiencia fue sorprende,1
Termina siendo impecable,1
"La verdad, bastante filete",1
Se siente bien hecho,1
Termina siendo de calidad,1
Muy buena onda,1
Se siente sorprende,1
Se siente confiable,1
Se siente impecable,1
"En general, la raja",1
"En general, amable",1
"La verdad, bastante buena onda",1
Francamente es prolijo,1
Francamente es filete,1
Francamente es amable,1
"La verdad, bastante sorprende",1
Francamente es eficiente,1
La experiencia fue la raja,1
"La verdad, bastante muy piola",1
Muy bien pensado,1
Se siente agradable,1
Termina siendo bien pensado,1
Termina siendo la raja,1
"La verdad, bastante correcto",1
Termina siendo bien resuelto,1
Francamente es prolijo,1
"En general, la raja",1
Se siente cumple bien,1
La experiencia fue cumple bien,1
Muy la raja,1
Se siente bien resuelto,1
Muy bien logrado,1
"La verdad, bastante bien logrado",1
Todo resultó sorprende,1
Todo resultó responsable,1
Francamente es buen nivel,1
La experiencia fue recomendable,1
Termina siendo bien hecho,1
Francamente es eficiente,1
Termina siendo la raja,1
"En general, muy piola",1
"La verdad, bastante recomendable",1
Muy bien logrado,1
La experiencia fue buena onda,1
Se siente filete,1
Se siente bien pensado,1
La experiencia fue muy piola,1
"En general, bien logrado",1
Todo resultó bien logrado,1
"La verdad, bastante filete",1
Muy cumple bien,1
Se siente buen nivel,1
La experiencia fue filete,1
Muy sorprende,1
"En general, bacán",1
La experiencia fue bacán,1
Todo resultó buena onda,1
La experiencia fue bien logrado,1
Francamente es responsable,1
"La verdad, bastante buena onda",1
La experiencia fue bien resuelto,1
Todo resultó cumple bien,1
Todo resultó muy piola,1
Se siente rápido,1
Todo resultó confiable,1
Todo resultó confiable,1
Termina siendo bien hecho,1
Muy buena onda,1
Se siente bacán,1
Francamente es bien resuelto,1
Se siente bien logrado,1
Todo resultó se nota el cuidado,1
La experiencia fue impecable,1
Se siente de calidad,1
"La verdad, bastante amable",1
"En general, rápido",1
Todo resultó prolijo,1
La experiencia fue correcto,1
"La verdad, bastante la raja",1
Francamente es responsable,1
Se siente correcto,1
"En general, de calidad",1
Se siente la raja,1
La experiencia fue cumple bien,1
La experiencia fue cumple bien,1
Francamente es bien pensado,1
Todo resultó amable,1
"En general, bien resuelto",1
Termina siendo cumple bien,1
Todo resultó confiable,1
Se siente prolijo,1
La experiencia fue bien pensado,1
Se siente sorprende,1
Termina siendo bien hecho,1
"La verdad, bastante responsable",1
Muy agradable,1
La experiencia fue de calidad,1
Todo resultó bien hecho,1
Se siente agradable,1
Termina siendo cumple bien,1
Muy de calidad,1
Todo resultó la raja,1
Termina siendo bien hecho,1
Todo resultó responsable,1
"En general, eficiente",1
Francamente es bien resuelto,1
Muy correcto,1
Muy filete,1
"La verdad, bastante bacán",1
Todo resultó buen nivel,1
Muy buena onda,1
"En general, recomendable",1
Todo resultó muy piola,1
Termina siendo bacán,1
Termina siendo se nota el cuidado,1
"En general, filete",1
Se siente filete,1
"La verdad, bastante muy piola",1
"La verdad, bastante bien logrado",1
La experiencia fue funciona perfecto,1
"La verdad, bastante responsable",1
"La verdad, bastante eficiente",1
Se siente impecable,1
Termina siendo bien hecho,1
Se siente sorprende,1
Todo resultó sorprende,1
La experiencia fue confiable,1
Muy bien hecho,1
La experiencia fue bacán,1
Todo resultó amable,1
"En general, de calidad",1
Francamente es de calidad,1
"En general, prolijo",1
"En general, muy piola",1
Todo resultó filete,1
Todo resultó recomendable,1
"La verdad, bastante bien hecho",1
"La verdad, bastante buen nivel",1
Todo resultó muy piola,1
Termina siendo impecable,1
"La verdad, bastante bien resuelto",1
"En general, la raja",1
Francamente es rápido,1
Todo resultó correcto,1
"La verdad, bastante responsable",1
Todo resultó responsable,1
La experiencia fue recomendable,1
"La verdad, bastante rápido",1
La experiencia fue funciona perfecto,1
Francamente es cumple bien,1
Termina siendo bien resuelto,1
Francamente es filete,1
Muy funciona perfecto,1
"La verdad, bastante agradable",1
Se siente sorprende,1
Termina siendo buena onda,1
Francamente es bien logrado,1
"La verdad, bastante bien resuelto",1
"En general, eficiente",1
"En general, bacán",1
Se siente bien resuelto,1
"En general, eficiente",1
Francamente es eficiente,1
Se siente sorprende,1
Termina siendo se nota el cuidado,1
Se siente bien logrado,1
Francamente es agradable,1
"La verdad, bastante de calidad",1
"En general, bien logrado",1
Francamente es funciona perfecto,1
La experiencia fue bien resuelto,1
"La verdad, bastante sorprende",1
Francamente es bacán,1
Se siente correcto,1
Muy agradable,1
Muy rápido,1
"La verdad, bastante correcto",1
Termina siendo amable,1
"La verdad, bastante bien hecho",1
"La verdad, bastante buena onda",1
Termina siendo bien hecho,1
La experiencia fue de calidad,1
Termina siendo se nota el cuidado,1
La experiencia fue bien hecho,1
"La verdad, bastante de calidad",1
"La verdad, bastante de calidad",1
Todo resultó amable,1
Termina siendo recomendable,1
Muy rápido,1
La experiencia fue buena onda,1
"La verdad, bastante agradable",1
"La verdad, bastante responsable",1
Muy sorprende,1
Se siente cumple bien,1
Termina siendo bien logrado,1
Francamente es agradable,1
Muy de calidad,1
Francamente es bien hecho,1
La experiencia fue rápido,1
Termina siendo buen nivel,1
La experiencia fue bien pensado,1
Se siente la raja,1
La experiencia fue rápido,1
"En general, bien logrado",1
La experiencia fue filete,1
La experiencia fue bien hecho,1
Termina siendo responsable,1
Francamente es recomendable,1
Termina siendo bien logrado,1
"En general, se nota el cuidado",1
Francamente es amable,1
Termina siendo buena onda,1
Muy confiable,1
Francamente es recomendable,1
La experiencia fue prolijo,1
Todo resultó amable,1
Se siente muy piola,1
La experiencia fue de calidad,1
Francamente es buena onda,1
Todo resultó buena onda,1
Se siente responsable,1
Todo resultó rápido,1
"La verdad, bastante correcto",1
Todo resultó bien logrado,1
"En general, sorprende",1
Termina siendo eficiente,1
"En general, bien pensado",1
Francamente es buen nivel,1
"La verdad, bastante prolijo",1
Se siente buen nivel,1
Francamente es muy piola,1
La experiencia fue bien logrado,1
"En general, responsable",1
"La verdad, bastante bien logrado",1
Termina siendo bien resuelto,1
Termina siendo muy piola,1
"La verdad, bastante impecable",1
"En general, buen nivel",1
Muy responsable,1
Francamente es la raja,1
La experiencia fue eficiente,1
Francamente es la raja,1
Se siente sorprende,1
Termina siendo eficiente,1
La experiencia fue prolijo,1
Todo resultó buena onda,1
"La verdad, bastante agradable",1
"La verdad, bastante agradable",1
La experiencia fue correcto,1
Francamente es bien logrado,1
Muy prolijo,1
Todo resultó confiable,1
Termina siendo bien hecho,1
La experiencia fue prolijo,1
La experiencia fue sorprende,1
Todo resultó eficiente,1
Todo resultó se nota el cuidado,1
La experiencia fue agradable,1
"En general, bien logrado",1
Muy amable,1
Muy de calidad,1
Termina siendo bien pensado,1
Termina siendo bien resuelto,1
"La verdad, bastante amable",1
"La verdad, bastante cumple bien",1
Francamente es muy piola,1
Termina siendo buen nivel,1
"La verdad, bastante amable",1
Termina siendo se nota el cuidado,1
Todo resultó sorprende,1
"La verdad, bastante agradable",1
La experiencia fue prolijo,1
La experiencia fue bacán,1
Muy de calidad,1
Todo resultó buen nivel,1
Se siente de calidad,1
Francamente es prolijo,1
Muy la raja,1
Muy la raja,1
Francamente es muy piola,1
Termina siendo buena onda,1
"En general, impecable",1
Todo resultó recomendable,1
La experiencia fue rápido,1
Todo resultó rápido,1
"La verdad, bastante amable",1
Muy confiable,1
Termina siendo buena onda,1
Muy buen nivel,1
Muy amable,1
Todo resultó amable,1
La experiencia fue funciona perfecto,1
Se siente prolijo,1
Muy bacán,1
Todo resultó se nota el cuidado,1
Todo resultó recomendable,1
Muy bien pensado,1
"La verdad, bastante bien pensado",1
Francamente es cumple bien,1
Se siente correcto,1
"La verdad, bastante recomendable",1
Termina siendo filete,1
Se siente de calidad,1
"La verdad, bastante buena onda",1
"En general, la raja",1
Termina siendo agradable,1
Todo resultó filete,1
Termina siendo bien logrado,1
"La verdad, bastante bacán",1
"En general, se nota el cuidado",1
"La verdad, bastante responsable",1
Francamente es la raja,1
Todo resultó la raja,1
Termina siendo bien pensado,1
Se siente funciona perfecto,1
Todo resultó bien hecho,1
Muy bien pensado,1
Se siente sorprende,1
"La verdad, bastante recomendable",1
Todo resultó confiable,1
Francamente es se nota el cuidado,1
Todo resultó buena onda,1
Termina siendo muy piola,1
Muy muy piola,1
Todo resultó agradable,1
Todo resultó bien resuelto,1
Se siente la raja,1
Muy recomendable,1
Se siente impecable,1
Todo resultó bien logrado,1
La experiencia fue rápido,1
"La verdad, bastante muy piola",1
La experiencia fue amable,1
Termina siendo recomendable,1
Se siente prolijo,1
"En general, bien logrado",1
Francamente es confiable,1
Termina siendo prolijo,1
"La verdad, bastante la raja",1
La experiencia fue bacán,1
Francamente es rápido,1
Todo resultó se nota el cuidado,1
Todo resultó confiable,1
Francamente es buena onda,1
Muy amable,1
"La verdad, bastante bien resuelto",1
Se siente sorprende,1
"La verdad, bastante bien hecho",1
Francamente es eficiente,1
"La verdad, bastante eficiente",1
Todo resultó sorprende,1
"La verdad, bastante buena onda",1
Muy agradable,1
"En general, rápido",1
Francamente es rápido,1
Todo resultó buen nivel,1
"En general, amable",1
"La verdad, bastante rápido",1
Muy funciona perfecto,1
La experiencia fue se nota el cuidado,1
La experiencia fue rápido,1
Todo resultó responsable,1
Termina siendo bien logrado,1
Todo resultó eficiente,1
La experiencia fue bacán,1
"La verdad, bastante la raja",1
Termina siendo filete,1
"La verdad, bastante se nota el cuidado",1
Francamente es buena onda,1
La experiencia fue funciona perfecto,1
La experiencia fue rápido,1
Todo resultó cumple bien,1
Termina siendo la raja,1
Se siente rápido,1
"En general, bien hecho",1
"La verdad, bastante bien hecho",1
Muy la raja,1
Todo resultó eficiente,1
Francamente es amable,1
Termina siendo la raja,1
Francamente es eficiente,1
Todo resultó recomendable,1
Francamente es muy piola,1
"En general, bien logrado",1
"En general, bacán",1
Se siente agradable,1
Francamente es cumple bien,1
Termina siendo responsable,1
La experiencia fue filete,1
Francamente es funciona perfecto,1
La experiencia fue cumple bien,1
La experiencia fue amable,1
Muy prolijo,1
Todo resultó confiable,1
Termina siendo buen nivel,1
La experiencia fue bacán,1
Francamente es correcto,1
Se siente responsable,1
"La verdad, bastante se nota el cuidado",1
Termina siendo bien hecho,1
"La verdad, bastante funciona perfecto",1
Se siente responsable,1
La experiencia fue cumple bien,1
Francamente es bien hecho,1
"En general, bien pensado",1
La experiencia fue bacán,1
Todo resultó bien resuelto,1
Termina siendo cumple bien,1
Termina siendo se nota el cuidado,1
"En general, amable",1
"La verdad, bastante buena onda",1
"La verdad, bastante buena onda",1
Francamente es muy piola,1
Muy eficiente,1
"En general, agradable",1
Francamente es filete,1
Se siente se nota el cuidado,1
"En general, recomendable",1
Todo resultó bien logrado,1
Todo resultó rápido,1
"La verdad, bastante confiable",1
Muy funciona perfecto,1
Muy buen nivel,1
Se siente buen nivel,1
La experiencia fue rápido,1
Todo resultó buena onda,1
Todo resultó bacán,1
"La verdad, bastante bien hecho",1
Termina siendo filete,1
Muy se nota el cuidado,1
Muy confiable,1
"En general, buena onda",1
Francamente es buena onda,1
Muy filete,1
Francamente es funciona perfecto,1
"En general, muy piola",1
Termina siendo cumple bien,1
La experiencia fue bien logrado,1
"La verdad, bastante funciona perfecto",1
Francamente es funciona perfecto,1
La experiencia fue bacán,1
Se siente recomendable,1
Se siente buena onda,1
Francamente es buen nivel,1
"En general, bacán",1
Termina siendo prolijo,1
La experiencia fue impecable,1
"En general, rápido",1
"La verdad, bastante cumple bien",1
Se siente responsable,1
Todo resultó se nota el cuidado,1
Termina siendo prolijo,1
"En general, sorprende",1
Francamente es bien logrado,1
Francamente es correcto,1
"En general, bien pensado",1
Termina siendo filete,1
"En general, rápido",1
Muy buen nivel,1
Termina siendo muy piola,1
Muy de calidad,1
Se siente funciona perfecto,1
"En general, de calidad",1
Se siente sorprende,1
"En general, de calidad",1
Se siente muy piola,1
"La verdad, bastante cumple bien",1
"En general, bien logrado",1
"La verdad, bastante confiable",1
Termina siendo de calidad,1
Se siente impecable,1
Francamente es filete,1
Termina siendo bien pensado,1
"En general, funciona perfecto",1
Todo resultó cumple bien,1
Muy amable,1
Termina siendo impecable,1
Termina siendo filete,1
"La verdad, bastante bien logrado",1
Muy bien pensado,1
Termina siendo sorprende,1
Termina siendo responsable,1
Termina siendo muy piola,1
Todo resultó buen nivel,1
Francamente es muy piola,1
"La verdad, bastante responsable",1
Francamente es buena onda,1
"La verdad, bastante bacán",1
Termina siendo bien hecho,1
Muy muy piola,1
Todo resultó confiable,1
Francamente es bien resuelto,1
"En general, la raja",1
Francamente es bacán,1
"La verdad, bastante amable",1
Se siente responsable,1
La experiencia fue agradable,1
Muy correcto,1
Se siente se nota el cuidado,1
Muy correcto,1
La experiencia fue bien pensado,1
La experiencia fue se nota el cuidado,1
Todo resultó sorprende,1
Termina siendo bien pensado,1
Francamente es sorprende,1
"En general, bien resuelto",1
Se siente recomendable,1
Muy bacán,1
Francamente es prolijo,1
La experiencia fue correcto,1
Francamente es correcto,1
Muy impecable,1
Todo resultó buen nivel,1
"La verdad, bastante buen nivel",1
"En general, buen nivel",1
"La verdad, bastante se nota el cuidado",1
Todo resultó filete,1
Termina siendo muy piola,1
"En general, de calidad",1
Muy muy piola,1
Muy bien resuelto,1
"La verdad, bastante impecable",1
Todo resultó de calidad,1
Todo resultó amable,1
Francamente es bien resuelto,1
"La verdad, bastante recomendable",1
Termina siendo rápido,1
"La verdad, bastante de calidad",1
Se siente la raja,1
"En general, se nota el cuidado",1
"En general, eficiente",1
Termina siendo agradable,1
Muy bien hecho,1
Todo resultó bien pensado,1
"En general, responsable",1
Todo resultó bien hecho,1
Muy sorprende,1
Se siente funciona perfecto,1
Se siente cumple bien,1
Se siente responsable,1
Francamente es bien pensado,1
Termina siendo recomendable,1
Todo resultó bien logrado,1
Termina siendo confiable,1
Muy filete,1
Todo resultó correcto,1
Todo resultó bien resuelto,1
Termina siendo de calidad,1
"En general, eficiente",1
Todo resultó responsable,1
"En general, bien logrado",1
"En general, confiable",1
Muy sorprende,1
"La verdad, bastante bien hecho",1
Termina siendo de calidad,1
Termina siendo prolijo,1
Termina siendo correcto,1
Muy prolijo,1
"La verdad, bastante recomendable",1
"La verdad, bastante bien resuelto",1
Francamente es de calidad,1
Termina siendo bacán,1
Todo resultó bien pensado,1
"En general, rápido",1
La experiencia fue impecable,1
Se siente funciona perfecto,1
"La verdad, bastante agradable",1
Muy buena onda,1
La experiencia fue bien logrado,1
Muy eficiente,1
Todo resultó bien hecho,1
Se siente amable,1
La experiencia fue responsable,1
"En general, bien hecho",1
Todo resultó prolijo,1
Muy impecable,1
"La verdad, bastante bien resuelto",1
Muy bien pensado,1
"En general, bien hecho",1
Francamente es responsable,1
Termina siendo sorprende,1
"En general, sorprende",1
Se siente filete,1
Termina siendo filete,1
Se siente de calidad,1
Se siente amable,1
"En general, buen nivel",1
Se siente funciona perfecto,1
Todo resultó cumple bien,1
Muy bien pensado,1
Francamente es de calidad,1
Termina siendo filete,1
"En general, amable",1
"En general, cumple bien",1
Muy eficiente,1
Todo resultó funciona perfecto,1
Muy muy piola,1
Francamente es bien resuelto,1
Termina siendo bien resuelto,1
"En general, bien resuelto",1
Se siente funciona perfecto,1
Francamente es buena onda,1
Muy la raja,1
Termina siendo se nota el cuidado,1
Todo resultó bien hecho,1
Francamente es de calidad,1
Todo resultó agradable,1
Muy recomendable,1
Todo resultó responsable,1
Todo resultó correcto,1
La experiencia fue sorprende,1
Francamente es filete,1
Se siente buen nivel,1
Termina siendo se nota el cuidado,1
Termina siendo agradable,1
"En general, bien hecho",1
Todo resultó bien resuelto,1
"En general, recomendable",1
Termina siendo filete,1
"En general, bien resuelto",1
Se siente bien pensado,1
Todo resultó amable,1
Francamente es agradable,1
Muy sorprende,1
La experiencia fue agradable,1
Se siente bacán,1
Francamente es la raja,1
Muy responsable,1
Se siente funciona perfecto,1
Se siente la raja,1
"La verdad, bastante bien resuelto",1
"En general, bien resuelto",1
Muy bien hecho,1
"En general, de calidad",1
Se siente filete,1
"En general, prolijo",1
Todo resultó de calidad,1
Todo resultó la raja,1
La experiencia fue agradable,1
"La verdad, bastante impecable",1
La experiencia fue filete,1
Todo resultó agradable,1
"La verdad, bastante bien hecho",1
La experiencia fue buen nivel,1
"En general, bien logrado",1
Se siente filete,1
Termina siendo buena onda,1
Se siente la raja,1
Se siente de calidad,1
Todo resultó amable,1
Se siente bien logrado,1
"La verdad, bastante bien pensado",1
Muy rápido,1
Termina siendo de calidad,1
Termina siendo bien resuelto,1
Termina siendo sorprende,1
Francamente es confiable,1
Francamente es la raja,1
Muy recomendable,1
Todo resultó la raja,1
Se siente muy piola,1
Francamente es muy piola,1
"En general, bien logrado",1
Muy correcto,1
Termina siendo bacán,1
La experiencia fue se nota el cuidado,1
Termina siendo prolijo,1
La experiencia fue muy piola,1
Se siente responsable,1
"En general, bien hecho",1
"En general, se nota el cuidado",1
Se siente bacán,1
"La verdad, bastante impecable",1
Muy se nota el cuidado,1
Termina siendo bien pensado,1
Francamente es correcto,1
"La verdad, bastante bien resuelto",1
"La verdad, bastante de calidad",1
"La verdad, bastante eficiente",1
Todo resultó buena onda,1
Francamente es cumple bien,1
La experiencia fue sorprende,1
"En general, buena onda",1
Muy funciona perfecto,1
Termina siendo funciona perfecto,1
Todo resultó agradable,1
La experiencia fue se nota el cuidado,1
Francamente es la raja,1
"En general, funciona perfecto",1
Francamente es bien pensado,1
Francamente es agradable,1
"La verdad, bastante bacán",1
Todo resultó se nota el cuidado,1
"En general, agradable",1
"La verdad, bastante impecable",1
La experiencia fue filete,1
Termina siendo prolijo,1
Termina siendo correcto,1
Termina siendo rápido,1
Se siente filete,1
Francamente es buena onda,1
La experiencia fue prolijo,1
Muy muy piola,1
"En general, responsable",1
Muy prolijo,1
Se siente la raja,1
Francamente es bien logrado,1
"La verdad, bastante de calidad",1
La experiencia fue confiable,1
"La verdad, bastante bien pensado",1
La experiencia fue de calidad,1
Termina siendo buen nivel,1
La experiencia fue correcto,1
"En general, buena onda",1
"En general, eficiente",1
Francamente es buena onda,1
La experiencia fue se nota el cuidado,1
La experiencia fue sorprende,1
Muy de calidad,1
"En general, buen nivel",1
Se siente la raja,1
"En general, buen nivel",1
Francamente es confiable,1
"La verdad, bastante bien pensado",1
Muy eficiente,1
La experiencia fue correcto,1
La experiencia fue funciona perfecto,1
La experiencia fue rápido,1
Termina siendo rápido,1
Todo resultó impecable,1
Termina siendo se nota el cuidado,1
Francamente es sorprende,1
"La verdad, bastante recomendable",1
La experiencia fue bien pensado,1
Todo resultó filete,1
"En general, bien hecho",1
"La verdad, bastante la raja",1
"En general, cumple bien",1
Todo resultó responsable,1
La experiencia fue bien resuelto,1
Se siente confiable,1
Se siente funciona perfecto,1
Se siente bacán,1
Muy funciona perfecto,1
Francamente es bien resuelto,1
Termina siendo se nota el cuidado,1
Muy bien hecho,1
Todo resultó buena onda,1
"La verdad, bastante bien pensado",1
"En general, confiable",1
Todo resultó bien resuelto,1
Muy bien logrado,1
Francamente es la raja,1
Termina siendo buen nivel,1
"La verdad, bastante bien hecho",1
"En general, recomendable",1
Termina siendo filete,1
Muy bien resuelto,1
"En general, cumple bien",1
Todo resultó recomendable,1
Se siente de calidad,1
Se siente de calidad,1
"La verdad, bastante buena onda",1
"La verdad, bastante bacán",1
"La verdad, bastante responsable",1
Se siente impecable,1
"En general, confiable",1
Termina siendo la raja,1
Francamente es bacán,1
Termina siendo se nota el cuidado,1
"En general, bien pensado",1
Se siente agradable,1
Termina siendo eficiente,1
Todo resultó filete,1
Se siente correcto,1
La experiencia fue bien pensado,1
"En general, prolijo",1
Todo resultó la raja,1
Todo resultó muy piola,1
Todo resultó bien resuelto,1
Termina siendo bien hecho,1
Muy agradable,1
La experiencia fue bien pensado,1
Termina siendo funciona perfecto,1
Todo resultó agradable,1
"La verdad, bastante prolijo",1
Termina siendo bien logrado,1
Francamente es rápido,1
"En general, buen nivel",1
Muy se nota el cuidado,1
"En general, sorprende",1
"La verdad, bastante rápido",1
Francamente es funciona perfecto,1
Francamente es funciona perfecto,1
Termina siendo bien hecho,1
La experiencia fue rápido,1
Francamente es correcto,1
Se siente recomendable,1
Se siente bacán,1
"La verdad, bastante rápido",1
La experiencia fue muy piola,1
Muy recomendable,1
Todo resultó confiable,1
Se siente bien logrado,1
Francamente es buen nivel,1
Todo resultó muy piola,1
Todo resultó rápido,1
La experiencia fue bien hecho,1
"La verdad, bastante buena onda",1
Se siente muy piola,1
Muy eficiente,1
La experiencia fue la raja,1
"La verdad, bastante buena onda",1
La experiencia fue agradable,1
Termina siendo bien resuelto,1
"En general, sorprende",1
Todo resultó responsable,1
Todo resultó sorprende,1
Se siente filete,1
Francamente es correcto,1
La experiencia fue prolijo,1
"La verdad, bastante la raja",1
Muy amable,1
Se siente bien resuelto,1
Se siente impecable,1
Se siente buena onda,1
"En general, se nota el cuidado",1
Termina siendo buen nivel,1
La experiencia fue buen nivel,1
La experiencia fue bien hecho,1
"En general, la raja",1
Termina siendo buen nivel,1
Todo resultó responsable,1
Muy prolijo,1
"La verdad, bastante eficiente",1
"En general, amable",1
"En general, eficiente",1
Termina siendo bien resuelto,1
Termina siendo correcto,1
"La verdad, bastante impecable",1
Termina siendo la raja,1
Termina siendo la raja,1
La experiencia fue confiable,1
Termina siendo la raja,1
Muy buena onda,1
Se siente bien resuelto,1
Todo resultó agradable,1
"La verdad, bastante muy piola",1
La experiencia fue bien hecho,1
Todo resultó buen nivel,1
Termina siendo correcto,1
Termina siendo se nota el cuidado,1
Muy se nota el cuidado,1
Muy responsable,1
Se siente funciona perfecto,1
"La verdad, bastante amable",1
Francamente es prolijo,1
Francamente es bien hecho,1
Se siente correcto,1
Todo resultó bien logrado,1
Termina siendo bien hecho,1
Se siente responsable,1
Termina siendo prolijo,1
Francamente es amable,1
Se siente buena onda,1
Todo resultó de calidad,1
Muy funciona perfecto,1
Todo resultó responsable,1
"En general, bien pensado",1
Termina siendo amable,1
La experiencia fue bien logrado,1
Todo resultó agradable,1
Francamente es buena onda,1
La experiencia fue funciona perfecto,1
Muy correcto,1
Francamente es la raja,1
Termina siendo sorprende,1
"En general, de calidad",1
Se siente responsable,1
Se siente correcto,1
La experiencia fue bacán,1
Todo resultó responsable,1
Francamente es responsable,1
"En general, impecable",1
Termina siendo muy piola,1
"La verdad, bastante eficiente",1
Todo resultó cumple bien,1
Todo resultó bien pensado,1
Muy buena onda,1
Todo resultó agradable,1
"La verdad, bastante amable",1
Muy amable,1
Muy confiable,1
Se siente cumple bien,1
Muy impecable,1
"En general, buena onda",1
Todo resultó buen nivel,1
Termina siendo se nota el cuidado,1
La experiencia fue prolijo,1
Francamente es cumple bien,1
Se siente recomendable,1
Termina siendo recomendable,1
"En general, buena onda",1
Todo resultó se nota el cuidado,1
"En general, de calidad",1
La experiencia fue bien hecho,1
Termina siendo muy piola,1
Todo resultó buena onda,1
Francamente es buen nivel,1
Todo resultó de calidad,1
Termina siendo sorprende,1
La experiencia fue sorprende,1
La experiencia fue bien resuelto,1
La experiencia fue confiable,1
La experiencia fue se nota el cuidado,1
Francamente es responsable,1
Francamente es rápido,1
Todo resultó bien logrado,1
Francamente es eficiente,1
Muy buena onda,1
Francamente es bien logrado,1
La experiencia fue bien logrado,1
Todo resultó impecable,1
Se siente se nota el cuidado,1
Todo resultó correcto,1
Termina siendo sorprende,1
"En general, bacán",1
Se siente buena onda,1
Se siente muy piola,1
"La verdad, bastante filete",1
Muy bien logrado,1
Muy amable,1
La experiencia fue agradable,1
Muy prolijo,1
Todo resultó responsable,1
Francamente es correcto,1
"La verdad, bastante cumple bien",1
"La verdad, bastante muy piola",1
Termina siendo funciona perfecto,1
Muy amable,1
Francamente es bien pensado,1
"En general, rápido",1
Francamente es bien logrado,1
Todo resultó prolijo,1
"En general, bien resuelto",1
Termina siendo buen nivel,1
La experiencia fue buena onda,1
Francamente es responsable,1
Todo resultó cumple bien,1
Muy amable,1
Se siente confiable,1
Termina siendo rápido,1
"La verdad, bastante bien hecho",1
La experiencia fue bien pensado,1
Se siente responsable,1
Francamente es eficiente,1
Se siente correcto,1
Todo resultó prolijo,1
La experiencia fue buen nivel,1
"En general, buen nivel",1
"La verdad, bastante buena onda",1
Se siente rápido,1
"En general, la raja",1
Francamente es la raja,1
"En general, prolijo",1
Francamente es correcto,1
Termina siendo sorprende,1
Muy eficiente,1
La experiencia fue de calidad,1
Termina siendo agradable,1
Francamente es la raja,1
Todo resultó recomendable,1
Muy de calidad,1
Termina siendo bien pensado,1
Todo resultó prolijo,1
Todo resultó sorprende,1
Francamente es buen nivel,1
"La verdad, bastante buen nivel",1
Francamente es agradable,1
La experiencia fue funciona perfecto,1
Francamente es bien resuelto,1
Muy eficiente,1
Muy de calidad,1
Muy funciona perfecto,1
La experiencia fue de calidad,1
"La verdad, bastante buen nivel",1
"La verdad, bastante sorprende",1
Se siente bien hecho,1
Termina siendo bien resuelto,1
Termina siendo prolijo,1
Todo resultó bien resuelto,1
La experiencia fue muy piola,1
Muy buen nivel,1
Muy amable,1
Muy bien pensado,1
Se siente agradable,1
Francamente es agradable,1
Se siente la raja,1
Todo resultó prolijo,1
La experiencia fue buena onda,1
La experiencia fue correcto,1
"La verdad, bastante impecable",1
Termina siendo impecable,1
Todo resultó cumple bien,1
Francamente es bien logrado,1
Muy confiable,1
Se siente se nota el cuidado,1
Termina siendo se nota el cuidado,1
Se siente agradable,1
"En general, se nota el cuidado",1
Se siente bien pensado,1
Francamente es filete,1
"La verdad, bastante la raja",1
Todo resultó responsable,1
Termina siendo bien resuelto,1
Todo resultó confiable,1
Se siente amable,1
Se siente se nota el cuidado,1
"En general, buena onda",1
Muy buen nivel,1
Muy cumple bien,1
Se siente muy piola,1
La experiencia fue rápido,1
Termina siendo impecable,1
Francamente es se nota el cuidado,1
Todo resultó filete,1
Termina siendo la raja,1
La experiencia fue buena onda,1
La experiencia fue muy piola,1
Se siente sorprende,1
Muy rápido,1
Se siente bien pensado,1
Muy funciona perfecto,1
Todo resultó sorprende,1
"La verdad, bastante bien logrado",1
Termina siendo bien pensado,1
"La verdad, bastante bien pensado",1
La experiencia fue agradable,1
"La verdad, bastante se nota el cuidado",1
Francamente es rápido,1
"La verdad, bastante correcto",1
"En general, bien resuelto",1
Termina siendo prolijo,1
Muy bien logrado,1
"La verdad, bastante correcto",1
Se siente bien logrado,1
Francamente es responsable,1
Se siente impecable,1
Muy eficiente,1
"La verdad, bastante amable",1
Se siente eficiente,1
"La verdad, bastante correcto",1
"La verdad, bastante bien pensado",1
Francamente es amable,1
La experiencia fue bien logrado,1
Muy filete,1
"En general, correcto",1
Francamente es bien pensado,1
Muy buen nivel,1
Termina siendo buena onda,1
Se siente filete,1
Se siente bien resuelto,1
"En general, funciona perfecto",1
Se siente confiable,1
"La verdad, bastante muy piola",1
Francamente es rápido,1
"La verdad, bastante funciona perfecto",1
"La verdad, bastante de calidad",1
Se siente recomendable,1
Termina siendo muy piola,1
Todo resultó impecable,1
Se siente se nota el cuidado,1
Se siente recomendable,1
Se siente bien hecho,1
Termina siendo rápido,1
Se siente bacán,1
"En general, buena onda",1
"La verdad, bastante agradable",1
Francamente es se nota el cuidado,1
Se siente la raja,1
La experiencia fue impecable,1
Se siente funciona perfecto,1
Termina siendo recomendable,1
Se siente impecable,1
Se siente la raja,1
La experiencia fue funciona perfecto,1
Todo resultó recomendable,1
La experiencia fue filete,1
Muy sorprende,1
"En general, bien logrado",1
Todo resultó se nota el cuidado,1
"En general, se nota el cuidado",1
"La verdad, bastante rápido",1
Se siente bacán,1
Francamente es correcto,1
"La verdad, bastante bacán",1
La experiencia fue correcto,1
Termina siendo de calidad,1
Termina siendo buena onda,1
Francamente es bien resuelto,1
La experiencia fue muy piola,1
Muy agradable,1
"En general, bien logrado",1
La experiencia fue cumple bien,1
La experiencia fue bacán,1
Termina siendo bacán,1
Se siente recomendable,1
Termina siendo cumple bien,1
Se siente amable,1
Todo resultó sorprende,1
Termina siendo muy piola,1
Todo resultó amable,1
Francamente es bien hecho,1
Todo resultó de calidad,1
Muy de calidad,1
Francamente es bacán,1
Termina siendo prolijo,1
"La verdad, bastante prolijo",1
Francamente es filete,1
Muy bien logrado,1
Muy sorprende,1
Se siente se nota el cuidado,1
"La verdad, bastante confiable",1
Muy sorprende,1
La experiencia fue sorprende,1
Todo resultó eficiente,1
"En general, bacán",1
Todo resultó prolijo,1
Todo resultó recomendable,1
Francamente es eficiente,1
Francamente es bien resuelto,1
Se siente agradable,1
La experiencia fue buen nivel,1
La experiencia fue bien hecho,1
Se siente sorprende,1
Todo resultó se nota el cuidado,1
"La verdad, bastante bien hecho",1
Se siente se nota el cuidado,1
"En general, bacán",1
Francamente es cumple bien,1
Francamente es se nota el cuidado,1
Muy confiable,1
Muy de calidad,1
Se siente bien logrado,1
La experiencia fue muy piola,1
Se siente recomendable,1
"En general, buena onda",1
Muy cumple bien,1
"En general, de calidad",1
Todo resultó impecable,1
Todo resultó sorprende,1
Termina siendo responsable,1
"En general, la raja",1
Termina siendo agradable,1
"En general, rápido",1
Francamente es eficiente,1
Todo resultó de calidad,1
Francamente es se nota el cuidado,1
"En general, bien hecho",1
Muy muy piola,1
"La verdad, bastante eficiente",1
Todo resultó muy piola,1
"La verdad, bastante prolijo",1
"En general, bien hecho",1
"La verdad, bastante cumple bien",1
"En general, confiable",1
"La verdad, bastante bacán",1
Francamente es cumple bien,1
"En general, bacán",1
La experiencia fue se nota el cuidado,1
Francamente es bien resuelto,1
Termina siendo bacán,1
Todo resultó recomendable,1
Muy sorprende,1
Termina siendo prolijo,1
Termina siendo responsable,1
Muy rápido,1
Muy agradable,1
Francamente es se nota el cuidado,1
"La verdad, bastante la raja",1
Todo resultó funciona perfecto,1
"La verdad, bastante prolijo",1
La experiencia fue muy piola,1
La experiencia fue cumple bien,1
"La verdad, bastante amable",1
Todo resultó cumple bien,1
"En general, confiable",1
Francamente es funciona perfecto,1
Muy amable,1
La experiencia fue bacán,1
Termina siendo impecable,1
Muy correcto,1
Todo resultó sorprende,1
Termina siendo filete,1
Termina siendo bien hecho,1
Francamente es bien resuelto,1
Francamente es se nota el cuidado,1
"La verdad, bastante bien hecho",1
Muy recomendable,1
Se siente sorprende,1
Termina siendo buen nivel,1
"En general, bacán",1
Termina siendo la raja,1
Se siente responsable,1
Se siente responsable,1
Francamente es correcto,1
Muy buen nivel,1
Todo resultó impecable,1
Todo resultó de calidad,1
Se siente sorprende,1
Francamente es filete,1
La experiencia fue bien pensado,1
Se siente cumple bien,1
Todo resultó sorprende,1
"En general, bacán",1
Muy agradable,1
Muy filete,1
Muy buena onda,1
Se siente sorprende,1
"La verdad, bastante correcto",1
"En general, sorprende",1
Francamente es bien logrado,1
Todo resultó agradable,1
Termina siendo muy piola,1
"En general, amable",1
La experiencia fue bien resuelto,1
Se siente se nota el cuidado,1
Se siente de calidad,1
Todo resultó impecable,1
Muy correcto,1
La experiencia fue eficiente,1
Termina siendo buena onda,1
"En general, sorprende",1
Termina siendo confiable,1
Todo resultó confiable,1
La experiencia fue confiable,1
Todo resultó eficiente,1
Todo resultó buena onda,1
Muy sorprende,1
La experiencia fue bien hecho,1
Francamente es bien logrado,1
Se siente correcto,1
Muy se nota el cuidado,1
"En general, correcto",1
Francamente es eficiente,1
Francamente es buen nivel,1
"La verdad, bastante amable",1
Todo resultó bacán,1
La experiencia fue bien hecho,1
La experiencia fue bien pensado,1
Francamente es sorprende,1
Termina siendo impecable,1
Francamente es agradable,1
Todo resultó buen nivel,1
Francamente es filete,1
La experiencia fue filete,1
La experiencia fue confiable,1
"En general, bien pensado",1
Muy bien pensado,1
Muy de calidad,1
Francamente es agradable,1
Termina siendo correcto,1
Muy responsable,1
"La verdad, bastante agradable",1
Francamente es buen nivel,1
"La verdad, bastante correcto",1
Termina siendo recomendable,1
Termina siendo la raja,1
Se siente la raja,1
Francamente es correcto,1
Se siente bien resuelto,1
Termina siendo eficiente,1
Francamente es bien pensado,1
Termina siendo filete,1
Francamente es bien hecho,1
Francamente es correcto,1
Muy impecable,1
Muy funciona perfecto,1
"En general, bien hecho",1
La experiencia fue impecable,1
Termina siendo amable,1
Francamente es sorprende,1
Termina siendo bien resuelto,1
"La verdad, bastante buen nivel",1
Francamente es rápido,1
Muy bien logrado,1
"La verdad, bastante correcto",1
Todo resultó sorprende,1
Muy filete,1
Todo resultó amable,1
La experiencia fue amable,1
Todo resultó responsable,1
Francamente es de calidad,1
"La verdad, bastante recomendable",1
Francamente es sorprende,1
"En general, agradable",1
Todo resultó prolijo,1
La experiencia fue bacán,1
Termina siendo la raja,1
Muy bien logrado,1
Termina siendo se nota el cuidado,1
"En general, bien resuelto",1
"La verdad, bastante se nota el cuidado",1
Termina siendo sorprende,1
Muy bien pensado,1
Todo resultó confiable,1
Todo resultó bien hecho,1
Francamente es bien hecho,1
Francamente es buen nivel,1
Muy muy piola,1
"La verdad, bastante rápido",1
"La verdad, bastante confiable",1
"La verdad, bastante de calidad",1
Termina siendo bien logrado,1
La experiencia fue cumple bien,1
"En general, buena onda",1
"La verdad, bastante filete",1
Se siente responsable,1
"En general, la raja",1
Termina siendo bien logrado,1
Francamente es buen nivel,1
Todo resultó de calidad,1
"La verdad, bastante confiable",1
Termina siendo muy piola,1
Muy agradable,1
La experiencia fue bien pensado,1
"En general, bien pensado",1
Termina siendo recomendable,1
"En general, prolijo",1
"La verdad, bastante la raja",1
Termina siendo se nota el cuidado,1
Se siente sorprende,1
Se siente agradable,1
Todo resultó bien hecho,1
Muy sorprende,1
Francamente es rápido,1
Francamente es impecable,1
Francamente es bien logrado,1
Francamente es recomendable,1
Muy rápido,1
Se siente bien hecho,1
Termina siendo buena onda,1
Termina siendo confiable,1
"En general, bien hecho",1
Todo resultó funciona perfecto,1
"La verdad, bastante sorprende",1
"En general, buen nivel",1
La experiencia fue muy piola,1
Todo resultó se nota el cuidado,1
La experiencia fue la raja,1
La experiencia fue bacán,1
"La verdad, bastante prolijo",1
Termina siendo prolijo,1
Todo resultó de calidad,1
Todo resultó la raja,1
Muy bien pensado,1
Se siente recomendable,1
Francamente es muy piola,1
Termina siendo muy piola,1
"En general, cumple bien",1
Termina siendo bien hecho,1
Se siente filete,1
Todo resultó eficiente,1
Francamente es muy piola,1
Muy funciona perfecto,1
Muy se nota el cuidado,1
La experiencia fue responsable,1
"En general, se nota el cuidado",1
Se siente correcto,1
"En general, prolijo",1
"En general, sorprende",1
Se siente bien pensado,1
Francamente es recomendable,1
Todo resultó bien pensado,1
Muy eficiente,1
Termina siendo amable,1
Se siente confiable,1
Muy buena onda,1
Se siente impecable,1
Todo resultó cumple bien,1
Termina siendo buena onda,1
"La verdad, bastante amable",1
Se siente bien resuelto,1
La experiencia fue sorprende,1
"En general, recomendable",1
Francamente es bien logrado,1
"En general, bien logrado",1
Francamente es bien logrado,1
"En general, se nota el cuidado",1
Muy prolijo,1
Francamente es correcto,1
"La verdad, bastante funciona perfecto",1
Se siente responsable,1
Muy agradable,1
Francamente es bien hecho,1
Se siente sorprende,1
"En general, cumple bien",1
"La verdad, bastante responsable",1
Muy bien hecho,1
"En general, buena onda",1
Muy bacán,1
Se siente se nota el cuidado,1
Todo resultó se nota el cuidado,1
Francamente es eficiente,1
"En general, filete",1
"En general, confiable",1
Francamente es bien hecho,1
Francamente es bien pensado,1
Termina siendo bien resuelto,1
Se siente amable,1
Termina siendo se nota el cuidado,1
"En general, amable",1
"En general, prolijo",1
"La verdad, bastante responsable",1
Muy cumple bien,1
"En general, bacán",1
Muy bien resuelto,1
Muy correcto,1
Muy muy piola,1
Muy buen nivel,1
"En general, correcto",1
Muy buena onda,1
Muy correcto,1
La experiencia fue se nota el cuidado,1
"La verdad, bastante agradable",1
Todo resultó funciona perfecto,1
Francamente es amable,1
Termina siendo correcto,1
"La verdad, bastante amable",1
Todo resultó correcto,1
"La verdad, bastante bien resuelto",1
"En general, recomendable",1
Se siente bien logrado,1
Termina siendo la raja,1
"La verdad, bastante responsable",1
Todo resultó recomendable,1
Todo resultó bien logrado,1
La experiencia fue buena onda,1
"En general, de calidad",1
Francamente es de calidad,1
Todo resultó amable,1
Muy filete,1
La experiencia fue buen nivel,1
"En general, se nota el cuidado",1
"La verdad, bastante muy piola",1
Muy bien logrado,1
Muy bien hecho,1
Muy se nota el cuidado,1
Termina siendo amable,1
La experiencia fue agradable,1
"La verdad, bastante filete",1
"En general, funciona perfecto",1
La experiencia fue filete,1
Francamente es la raja,1
Francamente es funciona perfecto,1
La experiencia fue impecable,1
La experiencia fue amable,1
Se siente sorprende,1
"La verdad, bastante rápido",1
La experiencia fue filete,1
Muy confiable,1
"En general, de calidad",1
Se siente buen nivel,1
Francamente es recomendable,1
"La verdad, bastante eficiente",1
Muy buena onda,1
Termina siendo de calidad,1
"La verdad, bastante confiable",1
Muy agradable,1
La experiencia fue filete,1
Termina siendo confiable,1
Muy funciona perfecto,1
La experiencia fue se nota el cuidado,1
Muy prolijo,1
Termina siendo eficiente,1
Se siente eficiente,1
Muy bien pensado,1
"La verdad, bastante la raja",1
Se siente muy piola,1
Se siente impecable,1
Se siente correcto,1
"En general, rápido",1
Se siente filete,1
"La verdad, bastante bien hecho",1
"La verdad, bastante buena onda",1
"La verdad, bastante impecable",1
Termina siendo de calidad,1
"La verdad, bastante prolijo",1
"La verdad, bastante cumple bien",1
Se siente de calidad,1
Francamente es amable,1
Termina siendo prolijo,1
Todo resultó bacán,1
Todo resultó impecable,1
La experiencia fue agradable,1
La experiencia fue cumple bien,1
Se siente impecable,1
La experiencia fue bien logrado,1
Termina siendo sorprende,1
La experiencia fue la raja,1
Muy funciona perfecto,1
Se siente se nota el cuidado,1
Muy bien logrado,1
La experiencia fue prolijo,1
Termina siendo bien logrado,1
Francamente es bien pensado,1
Termina siendo filete,1
Se siente eficiente,1
Se siente filete,1
Se siente se nota el cuidado,1
La experiencia fue sorprende,1
"En general, prolijo",1
Muy bien resuelto,1
"La verdad, bastante bien resuelto",1
Muy correcto,1
Francamente es bien pensado,1
Todo resultó amable,1
"La verdad, bastante confiable",1
Se siente confiable,1
"En general, rápido",1
"En general, impecable",1
Termina siendo bien hecho,1
La experiencia fue buen nivel,1
Muy impecable,1
Todo resultó sorprende,1
La experiencia fue de calidad,1
Todo resultó cumple bien,1
Todo resultó cumple bien,1
Termina siendo funciona perfecto,1
"En general, sorprende",1
Termina siendo muy piola,1
Termina siendo impecable,1
Francamente es correcto,1
"En general, recomendable",1
Termina siendo buen nivel,1
Termina siendo se nota el cuidado,1
"En general, bien pensado",1
"En general, buen nivel",1
Todo resultó buen nivel,1
Francamente es correcto,1
"La verdad, bastante sorprende",1
Todo resultó de calidad,1
Muy sorprende,1
Termina siendo funciona perfecto,1
La experiencia fue rápido,1
Muy bien resuelto,1
Francamente es correcto,1
Termina siendo bacán,1
"En general, responsable",1
Muy confiable,1
Francamente es amable,1
"La verdad, bastante agradable",1
"En general, amable",1
Termina siendo impecable,1
Todo resultó eficiente,1
Todo resultó responsable,1
Todo resultó muy piola,1
Todo resultó bien hecho,1
Todo resultó eficiente,1
Muy confiable,1
La experiencia fue buen nivel,1
Muy la raja,1
"En general, de calidad",1
Se siente funciona perfecto,1
Se siente filete,1
Se siente amable,1
Todo resultó bacán,1
Termina siendo responsable,1
Francamente es agradable,1
Muy eficiente,1
Muy agradable,1
Termina siendo de calidad,1
La experiencia fue confiable,1
La experiencia fue filete,1
La experiencia fue bien hecho,1
Todo resultó muy piola,1
Termina siendo confiable,1
Se siente confiable,1
"La verdad, bastante funciona perfecto",1
Francamente es prolijo,1
"La verdad, bastante se nota el cuidado",1
"En general, amable",1
Muy la raja,1
"La verdad, bastante funciona perfecto",1
Francamente es sorprende,1
Termina siendo bien pensado,1
Se siente impecable,1
Termina siendo bien logrado,1
La experiencia fue agradable,1
La experiencia fue bien resuelto,1
"La verdad, bastante bien resuelto",1
"En general, agradable",1
Se siente buen nivel,1
Todo resultó confiable,1
Todo resultó sorprende,1
Termina siendo eficiente,1
"En general, eficiente",1
Francamente es agradable,1
Francamente es funciona perfecto,1
Muy impecable,1
Termina siendo bien hecho,1
Todo resultó bien pensado,1
Francamente es correcto,1
Todo resultó confiable,1
La experiencia fue responsable,1
Muy cumple bien,1
"En general, se nota el cuidado",1
Termina siendo correcto,1
Francamente es amable,1
Muy recomendable,1
La experiencia fue buena onda,1
Termina siendo cumple bien,1
Se siente bien logrado,1
La experiencia fue buen nivel,1
Muy impecable,1
Todo resultó de calidad,1
Francamente es se nota el cuidado,1
Todo resultó bacán,1
"La verdad, bastante bacán",1
Se siente bien logrado,1
Francamente es se nota el cuidado,1
Francamente es prolijo,1
Se siente amable,1
Muy bien pensado,1
Todo resultó de calidad,1
Todo resultó se nota el cuidado,1
Muy amable,1
Muy recomendable,1
Termina siendo cumple bien,1
Se siente buena onda,1
"En general, muy piola",1
La experiencia fue correcto,1
Todo resultó eficiente,1
"En general, sorprende",1
"En general, confiable",1
La experiencia fue cumple bien,1
Todo resultó recomendable,1
Francamente es impecable,1
Todo resultó se nota el cuidado,1
Todo resultó impecable,1
Termina siendo bien logrado,1
Se siente muy piola,1
"La verdad, bastante bien resuelto",1
Todo resultó bien logrado,1
"En general, buena onda",1
Todo resultó se nota el cuidado,1
La experiencia fue la raja,1
Francamente es eficiente,1
"La verdad, bastante la raja",1
Todo resultó bien logrado,1
Se siente bien hecho,1
Todo resultó cumple bien,1
Termina siendo prolijo,1
Todo resultó correcto,1
Francamente es se nota el cuidado,1
Muy cumple bien,1
Todo resultó bien logrado,1
"En general, de calidad",1
"En general, buen nivel",1
Francamente es bien pensado,1
Todo resultó funciona perfecto,1
Termina siendo rápido,1
Termina siendo sorprende,1
La experiencia fue impecable,1
Todo resultó funciona perfecto,1
Todo resultó cumple bien,1
Francamente es buena onda,1
Francamente es recomendable,1
"En general, impecable",1
Francamente es bien resuelto,1
Todo resultó eficiente,1
Se siente buen nivel,1
Francamente es rápido,1
Francamente es eficiente,1
Termina siendo se nota el cuidado,1
"La verdad, bastante confiable",1
Se siente se nota el cuidado,1
Todo resultó correcto,1
"En general, de calidad",1
"La verdad, bastante recomendable",1
"La verdad, bastante bien hecho",1
La experiencia fue filete,1
Francamente es funciona perfecto,1
Termina siendo cumple bien,1
Muy de calidad,1
Todo resultó bien logrado,1
"En general, amable",1
La experiencia fue bien logrado,1
"La verdad, bastante bacán",1
Todo resultó de calidad,1
La experiencia fue amable,1
Todo resultó la raja,1
"La verdad, bastante rápido",1
Francamente es bien hecho,1
"La verdad, bastante de calidad",1
Francamente es cumple bien,1
Francamente es funciona perfecto,1
La experiencia fue funciona perfecto,1
La experiencia fue bien hecho,1
Se siente eficiente,1
Francamente es bien hecho,1
Termina siendo buena onda,1
"La verdad, bastante correcto",1
Muy muy piola,1
La experiencia fue bacán,1
"En general, responsable",1
Termina siendo filete,1
Termina siendo filete,1
La experiencia fue se nota el cuidado,1
Muy la raja,1
Francamente es bien logrado,1
Muy amable,1
Francamente es amable,1
"En general, rápido",1
"La verdad, bastante bacán",1
Muy prolijo,1
Muy prolijo,1
"La verdad, bastante bien hecho",1
Termina siendo muy piola,1
Francamente es sorprende,1
La experiencia fue buen nivel,1
Muy impecable,1
La experiencia fue funciona perfecto,1
Francamente es recomendable,1
Francamente es buen nivel,1
"La verdad, bastante confiable",1
La experiencia fue muy piola,1
La experiencia fue cumple bien,1
"En general, bacán",1
Termina siendo buen nivel,1
La experiencia fue agradable,1
Todo resultó impecable,1
La experiencia fue cumple bien,1
"La verdad, bastante eficiente",1
Todo resultó responsable,1
Muy bacán,1
"En general, sorprende",1
Se siente cumple bien,1
La experiencia fue rápido,1
Francamente es la raja,1
"En general, rápido",1
Francamente es impecable,1
Termina siendo recomendable,1
La experiencia fue impecable,1
"En general, buena onda",1
Francamente es la raja,1
Francamente es bien resuelto,1
Termina siendo confiable,1
Muy bacán,1
Se siente cumple bien,1
Termina siendo bien pensado,1
Francamente es cumple bien,1
"En general, buena onda",1
"En general, eficiente",1
La experiencia fue eficiente,1
La experiencia fue buena onda,1
Se siente bien resuelto,1
"En general, prolijo",1
La experiencia fue agradable,1
Todo resultó muy piola,1
"La verdad, bastante filete",1
"En general, amable",1
Se siente buena onda,1
"En general, se nota el cuidado",1
Muy la raja,1
Todo resultó responsable,1
Termina siendo filete,1
Todo resultó prolijo,1
Se siente muy piola,1
Termina siendo bien pensado,1
Se siente de calidad,1
Francamente es filete,1
La experiencia fue impecable,1
"La verdad, bastante bien logrado",1
Muy eficiente,1
Muy eficiente,1
Muy bien pensado,1
"En general, responsable",1
Todo resultó bien resuelto,1
Se siente bien logrado,1
"En general, cumple bien",1
Termina siendo correcto,1
La experiencia fue filete,1
Francamente es cumple bien,1
La experiencia fue bien resuelto,1
Francamente es confiable,1
Termina siendo la raja,1
La experiencia fue buena onda,1
Muy sorprende,1
Muy bien logrado,1
"La verdad, bastante funciona perfecto",1
Todo resultó sorprende,1
"En general, prolijo",1
Se siente prolijo,1
Francamente es buen nivel,1
Se siente agradable,1
Termina siendo recomendable,1
La experiencia fue buena onda,1
Muy agradable,1
"En general, bien logrado",1
Termina siendo la raja,1
Todo resultó agradable,1
La experiencia fue sorprende,1
Muy confiable,1
Se siente la raja,1
Francamente es filete,1
"La verdad, bastante confiable",1
Todo resultó buena onda,1
Todo resultó filete,1
Francamente es bien pensado,1
Termina siendo se nota el cuidado,1
La experiencia fue bacán,1
Todo resultó bacán,1
Termina siendo se nota el cuidado,1
Francamente es bien pensado,1
"La verdad, bastante cumple bien",1
Todo resultó agradable,1
"La verdad, bastante filete",1
Se siente eficiente,1
Francamente es rápido,1
La experiencia fue bacán,1
"La verdad, bastante bien resuelto",1
"En general, se nota el cuidado",1
"En general, muy piola",1
Muy bien hecho,1
"En general, amable",1
La experiencia fue rápido,1
Se siente prolijo,1
Se siente funciona perfecto,1
La experiencia fue buen nivel,1
La experiencia fue buen nivel,1
Francamente es correcto,1
Muy eficiente,1
Todo resultó prolijo,1
Todo resultó prolijo,1
Termina siendo muy piola,1
Todo resultó la raja,1
La experiencia fue funciona perfecto,1
"La verdad, bastante amable",1
Francamente es sorprende,1
Todo resultó responsable,1
Francamente es eficiente,1
Todo resultó filete,1
Francamente es bien pensado,1
Se siente sorprende,1
Todo resultó prolijo,1
Termina siendo bien pensado,1
"La verdad, bastante confiable",1
La experiencia fue bacán,1
Termina siendo la raja,1
"La verdad, bastante correcto",1
"En general, bien hecho",1
Termina siendo bien pensado,1
Todo resultó sorprende,1
La experiencia fue responsable,1
Francamente es muy piola,1
Todo resultó sorprende,1
Termina siendo filete,1
La experiencia fue responsable,1
"En general, correcto",1
Todo resultó funciona perfecto,1
"En general, bien resuelto",1
Se siente se nota el cuidado,1
La experiencia fue rápido,1
Se siente sorprende,1
La experiencia fue responsable,1
Francamente es funciona perfecto,1
"En general, confiable",1
Francamente es amable,1
"En general, correcto",1
"La verdad, bastante prolijo",1
Todo resultó confiable,1
Todo resultó filete,1
"En general, bien logrado",1
"La verdad, bastante correcto",1
La experiencia fue se nota el cuidado,1
Se siente prolijo,1
Termina siendo agradable,1
"En general, agradable",1
La experiencia fue impecable,1
Francamente es confiable,1
Francamente es bien resuelto,1
Todo resultó responsable,1
"La verdad, bastante la raja",1
Todo resultó impecable,1
"En general, bacán",1
Todo resultó sorprende,1
La experiencia fue amable,1
Todo resultó bacán,1
Todo resultó filete,1
"En general, buen nivel",1
"En general, eficiente",1
Muy recomendable,1
"En general, de calidad",1
Se siente funciona perfecto,1
Se siente bacán,1
Muy prolijo,1
Termina siendo agradable,1
Francamente es recomendable,1
Todo resultó bien logrado,1
Termina siendo buen nivel,1
Francamente es eficiente,1
"En general, eficiente",1
Muy se nota el cuidado,1
Muy de calidad,1
"La verdad, bastante rápido",1
"En general, correcto",1
La experiencia fue impecable,1
Termina siendo filete,1
Todo resultó filete,1
Termina siendo bien pensado,1
"En general, impecable",1
"En general, de calidad",1
Muy cumple bien,1
Termina siendo buena onda,1
La experiencia fue buen nivel,1
"En general, prolijo",1
Todo resultó se nota el cuidado,1
"En general, buena onda",1
Muy la raja,1
"La verdad, bastante buena onda",1
Muy confiable,1
La experiencia fue responsable,1
"La verdad, bastante de calidad",1
Francamente es bacán,1
Termina siendo se nota el cuidado,1
"La verdad, bastante la raja",1
Todo resultó eficiente,1
Se siente buena onda,1
Se siente de calidad,1
"En general, muy piola",1
Todo resultó bien logrado,1
"En general, recomendable",1
Termina siendo la raja,1
Se siente eficiente,1
Muy la raja,1
Termina siendo prolijo,1
Muy eficiente,1
"En general, bien hecho",1
La experiencia fue sorprende,1
Francamente es confiable,1
Termina siendo amable,1
Muy bacán,1
Francamente es filete,1
"En general, bien hecho",1
Se siente amable,1
Muy muy piola,1
Francamente es responsable,1
Todo resultó prolijo,1
Se siente bien logrado,1
"La verdad, bastante cumple bien",1
"En general, bien hecho",1
"En general, prolijo",1
Muy bien logrado,1
"En general, de calidad",1
Francamente es prolijo,1
Muy bien hecho,1
La experiencia fue bien logrado,1
"La verdad, bastante recomendable",1
Termina siendo bacán,1
"La verdad, bastante bien pensado",1
Se siente bien resuelto,1
Francamente es muy piola,1
"En general, amable",1
La experiencia fue bacán,1
Todo resultó muy piola,1
Muy recomendable,1
Termina siendo bien pensado,1
Termina siendo correcto,1
"La verdad, bastante funciona perfecto",1
La experiencia fue buen nivel,1
Termina siendo se nota el cuidado,1
"En general, funciona perfecto",1
"La verdad, bastante buen nivel",1
La experiencia fue amable,1
"En general, recomendable",1
Termina siendo bien resuelto,1
"En general, sorprende",1
Muy bien hecho,1
Termina siendo cumple bien,1
Todo resultó bien resuelto,1
Muy bien pensado,1
Termina siendo bien resuelto,1
Todo resultó impecable,1
Todo resultó amable,1
"La verdad, bastante impecable",1
"En general, se nota el cuidado",1
Termina siendo filete,1
Francamente es buena onda,1
"La verdad, bastante bacán",1
"En general, funciona perfecto",1
Termina siendo bien resuelto,1
La experiencia fue sorprende,1
Muy rápido,1
Francamente es de calidad,1
Se siente funciona perfecto,1
"La verdad, bastante buena onda",1
Francamente es eficiente,1
Termina siendo funciona perfecto,1
Todo resultó rápido,1
Termina siendo bien logrado,1
"En general, correcto",1
Muy filete,1
La experiencia fue cumple bien,1
La experiencia fue buena onda,1
Se siente prolijo,1
Muy de calidad,1
"En general, correcto",1
"En general, rápido",1
"La verdad, bastante filete",1
Muy cumple bien,1
"En general, responsable",1
Todo resultó impecable,1
Termina siendo funciona perfecto,1
Se siente confiable,1
"La verdad, bastante prolijo",1
"En general, bien pensado",1
"En general, muy piola",1
Se siente sorprende,1
Termina siendo prolijo,1
Todo resultó bien resuelto,1
"La verdad, bastante cumple bien",1
La experiencia fue agradable,1
La experiencia fue rápido,1
Se siente rápido,1
Muy muy piola,1
"La verdad, bastante de calidad",1
La experiencia fue agradable,1
Termina siendo prolijo,1
Termina siendo cumple bien,1
Termina siendo recomendable,1
Todo resultó bien resuelto,1
Francamente es agradable,1
Se siente bien resuelto,1
Todo resultó se nota el cuidado,1
Termina siendo bacán,1
Termina siendo sorprende,1
La experiencia fue bien resuelto,1
Francamente es la raja,1
"La verdad, bastante bien resuelto",1
Termina siendo bacán,1
"La verdad, bastante bien hecho",1
"En general, recomendable",1
Francamente es bien pensado,1
Se siente eficiente,1
"En general, funciona perfecto",1
Termina siendo buena onda,1
Termina siendo responsable,1
Todo resultó la raja,1
"La verdad, bastante impecable",1
Muy de calidad,1
Termina siendo bien pensado,1
Todo resultó se nota el cuidado,1
La experiencia fue prolijo,1
Termina siendo rápido,1
"En general, impecable",1
Todo resultó sorprende,1
Todo resultó bien hecho,1
Todo resultó responsable,1
Termina siendo muy piola,1
"En general, bien pensado",1
"La verdad, bastante se nota el cuidado",1
"En general, bacán",1
Todo resultó se nota el cuidado,1
Francamente es buena onda,1
"La verdad, bastante buen nivel",1
Francamente es impecable,1
La experiencia fue impecable,1
La experiencia fue rápido,1
Se siente buena onda,1
Todo resultó bacán,1
Francamente es bien hecho,1
Termina siendo bien hecho,1
Muy la raja,1
Termina siendo muy piola,1
Termina siendo bien logrado,1
Muy responsable,1
Termina siendo confiable,1
"La verdad, bastante correcto",1
"La verdad, bastante filete",1
"En general, filete",1
Termina siendo bien hecho,1
Todo resultó confiable,1
Todo resultó filete,1
Se siente rápido,1
Termina siendo responsable,1
Francamente es la raja,1
La experiencia fue muy piola,1
Se siente se nota el cuidado,1
"La verdad, bastante recomendable",1
Muy correcto,1
"La verdad, bastante eficiente",1
Francamente es amable,1
Se siente bien pensado,1
La experiencia fue bacán,1
Muy bien logrado,1
La experiencia fue rápido,1
Francamente es rápido,1
Francamente es buena onda,1
Termina siendo filete,1
Francamente es agradable,1
Muy sorprende,1
"En general, funciona perfecto",1
Se siente muy piola,1
Todo resultó cumple bien,1
"La verdad, bastante confiable",1
Todo resultó bien resuelto,1
Muy bien logrado,1
Se siente de calidad,1
Muy correcto,1
"La verdad, bastante correcto",1
"La verdad, bastante responsable",1
"La verdad, bastante eficiente",1
Muy filete,1
Todo resultó recomendable,1
Muy bien hecho,1
La experiencia fue la raja,1
"En general, se nota el cuidado",1
Francamente es eficiente,1
"En general, agradable",1
Francamente es muy piola,1
Francamente es muy piola,1
Se siente bien resuelto,1
Termina siendo bien hecho,1
Termina siendo sorprende,1
Termina siendo bacán,1
La experiencia fue buen nivel,1
La experiencia fue filete,1
La experiencia fue bien hecho,1
Francamente es correcto,1
"En general, de calidad",1
Francamente es cumple bien,1
"La verdad, bastante recomendable",1
Francamente es la raja,1
"La verdad, bastante correcto",1
Se siente bien resuelto,1
Todo resultó cumple bien,1
Termina siendo se nota el cuidado,1
"En general, buen nivel",1
Francamente es responsable,1
Francamente es bien resuelto,1
Todo resultó bien logrado,1
Todo resultó responsable,1
"En general, bien pensado",1
Se siente buen nivel,1
Termina siendo bien hecho,1
"La verdad, bastante buen nivel",1
Todo resultó filete,1
"En general, sorprende",1
Muy correcto,1
La experiencia fue buen nivel,1
Muy sorprende,1
Muy impecable,1
Francamente es bien resuelto,1
"La verdad, bastante correcto",1
Termina siendo la raja,1
Termina siendo bien resuelto,1
La experiencia fue bien logrado,1
Francamente es responsable,1
Se siente impecable,1
La experiencia fue agradable,1
Se siente se nota el cuidado,1
Francamente es impecable,1
"En general, agradable",1
Muy bien pensado,1
Se siente buen nivel,1
"En general, correcto",1
Francamente es muy piola,1
Francamente es bien hecho,1
"La verdad, bastante bacán",1
Muy se nota el cuidado,1
La experiencia fue bacán,1
La experiencia fue bien pensado,1
Termina siendo eficiente,1
"En general, responsable",1
Francamente es confiable,1
"La verdad, bastante buena onda",1
Termina siendo eficiente,1
Se siente de calidad,1
Todo resultó cumple bien,1
Muy se nota el cuidado,1
La experiencia fue la raja,1
La experiencia fue impecable,1
Todo resultó bien logrado,1
"La verdad, bastante se nota el cuidado",1
Todo resultó bien resuelto,1
"En general, bien hecho",1
"La verdad, bastante funciona perfecto",1
"La verdad, bastante amable",1
Todo resultó correcto,1
Todo resultó buen nivel,1
Todo resultó bien pensado,1
Todo resultó bien hecho,1
La experiencia fue rápido,1
Muy correcto,1
Francamente es de calidad,1
Muy responsable,1
"En general, buen nivel",1
Todo resultó buena onda,1
Muy de calidad,1
"En general, confiable",1
Termina siendo cumple bien,1
Termina siendo se nota el cuidado,1
La experiencia fue bacán,1
"La verdad, bastante correcto",1
"La verdad, bastante amable",1
"En general, rápido",1
Francamente es de calidad,1
Muy amable,1
Todo resultó correcto,1
Muy bacán,1
"En general, sorprende",1
Francamente es recomendable,1
La experiencia fue funciona perfecto,1
"En general, muy piola",1
Francamente es responsable,1
"La verdad, bastante correcto",1
"En general, buena onda",1
Todo resultó agradable,1
Termina siendo filete,1
Termina siendo bien resuelto,1
"La verdad, bastante impecable",1
Francamente es bien logrado,1
"En general, bien hecho",1
Francamente es sorprende,1
"La verdad, bastante bien hecho",1
Francamente es confiable,1
"En general, amable",1
Todo resultó responsable,1
"En general, bien resuelto",1
Todo resultó bien pensado,1
Termina siendo bien logrado,1
La experiencia fue funciona perfecto,1
Francamente es impecable,1
"En general, recomendable",1
"La verdad, bastante bien pensado",1
Termina siendo prolijo,1
La experiencia fue recomendable,1
Termina siendo buena onda,1
Francamente es bien pensado,1
"La verdad, bastante cumple bien",1
Francamente es se nota el cuidado,1
Francamente es impecable,1
"La verdad, bastante bien resuelto",1
Todo resultó la raja,1
"La verdad, bastante funciona perfecto",1
"En general, se nota el cuidado",1
Muy funciona perfecto,1
"En general, bien logrado",1
Francamente es impecable,1
Termina siendo rápido,1
Francamente es prolijo,1
"La verdad, bastante buena onda",1
Todo resultó bacán,1
"En general, bien pensado",1
"En general, cumple bien",1
"En general, prolijo",1
Todo resultó bien logrado,1
Todo resultó responsable,1
Muy se nota el cuidado,1
Se siente bien hecho,1
"En general, bien resuelto",1
Se siente rápido,1
Muy responsable,1
Francamente es filete,1
Francamente es responsable,1
"La verdad, bastante muy piola",1
Se siente bien logrado,1
Todo resultó cumple bien,1
Francamente es buen nivel,1
Termina siendo sorprende,1
Francamente es bien resuelto,1
Todo resultó agradable,1
Se siente funciona perfecto,1
"En general, sorprende",1
Se siente correcto,1
"En general, funciona perfecto",1
Termina siendo impecable,1
Se siente bien pensado,1
Muy buen nivel,1
Todo resultó muy piola,1
"En general, la raja",1
Todo resultó funciona perfecto,1
Todo resultó de calidad,1
Se siente agradable,1
Se siente cumple bien,1
Francamente es eficiente,1
Francamente es buen nivel,1
"La verdad, bastante agradable",1
Francamente es muy piola,1
"En general, bien resuelto",1
Se siente impecable,1
"La verdad, bastante rápido",1
Muy se nota el cuidado,1
"En general, bien resuelto",1
Muy bien hecho,1
Muy buen nivel,1
La experiencia fue cumple bien,1
Termina siendo buena onda,1
Francamente es correcto,1
La experiencia fue funciona perfecto,1
Termina siendo bien resuelto,1
Francamente es impecable,1
Muy bacán,1
"La verdad, bastante bacán",1
Todo resultó amable,1
"La verdad, bastante filete",1
Termina siendo funciona perfecto,1
"La verdad, bastante buen nivel",1
Francamente es cumple bien,1
Termina siendo se nota el cuidado,1
"La verdad, bastante eficiente",1
Muy la raja,1
Francamente es muy piola,1
Francamente es recomendable,1
Muy confiable,1
Se siente se nota el cuidado,1
La experiencia fue bien hecho,1
Francamente es bien pensado,1
Todo resultó recomendable,1
"En general, impecable",1
"La verdad, bastante prolijo",1
"La verdad, bastante recomendable",1
Francamente es filete,1
"La verdad, bastante correcto",1
La experiencia fue prolijo,1
Todo resultó agradable,1
"La verdad, bastante bien hecho",1
Francamente es amable,1
Todo resultó impecable,1
La experiencia fue buen nivel,1
La experiencia fue filete,1
Se siente responsable,1
Todo resultó prolijo,1
"En general, bacán",1
"En general, sorprende",1
Termina siendo correcto,1
Muy recomendable,1
"En general, se nota el cuidado",1
La experiencia fue funciona perfecto,1
"La verdad, bastante rápido",1
Francamente es muy piola,1
Francamente es recomendable,1
Se siente buen nivel,1
"La verdad, bastante bacán",1
La experiencia fue sorprende,1
Todo resultó muy piola,1
Termina siendo rápido,1
Francamente es correcto,1
Se siente eficiente,1
Termina siendo de calidad,1
"En general, filete",1
Francamente es bien hecho,1
"En general, de calidad",1
Se siente bien resuelto,1
La experiencia fue bien pensado,1
La experiencia fue bien logrado,1
La experiencia fue bien resuelto,1
Se siente recomendable,1
Todo resultó bien logrado,1
Termina siendo correcto,1
La experiencia fue buen nivel,1
Termina siendo confiable,1
La experiencia fue recomendable,1
Termina siendo correcto,1
Termina siendo muy piola,1
Francamente es confiable,1
La experiencia fue muy piola,1
Muy buen nivel,1
Se siente bien resuelto,1
"En general, bacán",1
"La verdad, bastante bien logrado",1
Se siente recomendable,1
Se siente buena onda,1
Muy sorprende,1
"La verdad, bastante bien pensado",1
Francamente es funciona perfecto,1
"La verdad, bastante filete",1
Termina siendo filete,1
Se siente rápido,1
La experiencia fue bien pensado,1
Se siente se nota el cuidado,1
Francamente es sorprende,1
La experiencia fue amable,1
Francamente es agradable,1
La experiencia fue cumple bien,1
Todo resultó bien hecho,1
Termina siendo filete,1
Muy muy piola,1
"En general, impecable",1
Termina siendo buena onda,1
Muy eficiente,1
La experiencia fue impecable,1
"La verdad, bastante bien pensado",1
La experiencia fue la raja,1
Muy confiable,1
La experiencia fue recomendable,1
Francamente es de calidad,1
Todo resultó agradable,1
"La verdad, bastante bien hecho",1
La experiencia fue de calidad,1
Se siente de calidad,1
Termina siendo rápido,1
"En general, prolijo",1
"La verdad, bastante correcto",1
La experiencia fue cumple bien,1
Se siente bacán,1
Muy bien hecho,1
Francamente es confiable,1
"En general, prolijo",1
Se siente sorprende,1
La experiencia fue funciona perfecto,1
La experiencia fue cumple bien,1
Muy sorprende,1
"La verdad, bastante bien logrado",1
Se siente eficiente,1
Termina siendo bacán,1
"La verdad, bastante muy piola",1
Todo resultó sorprende,1
Francamente es sorprende,1
Francamente es confiable,1
Muy se nota el cuidado,1
Termina siendo de calidad,1
Se siente muy piola,1
Francamente es bien resuelto,1
Se siente buen nivel,1
Francamente es funciona perfecto,1
Se siente se nota el cuidado,1
Se siente filete,1
"En general, impecable",1
"La verdad, bastante recomendable",1
"En general, prolijo",1
"La verdad, bastante impecable",1
"En general, buena onda",1
Termina siendo bien resuelto,1
"La verdad, bastante se nota el cuidado",1
Muy buena onda,1
Muy se nota el cuidado,1
"La verdad, bastante la raja",1
"En general, eficiente",1
"En general, buen nivel",1
Termina siendo sorprende,1
Muy bien resuelto,1
"En general, impecable",1
Francamente es muy piola,1
Todo resultó confiable,1
Termina siendo bien logrado,1
Se siente bien hecho,1
"La verdad, bastante buen nivel",1
"En general, impecable",1
"La verdad, bastante recomendable",1
"La verdad, bastante bacán",1
"La verdad, bastante sorprende",1
Se siente funciona perfecto,1
Termina siendo bien hecho,1
"La verdad, bastante bien resuelto",1
"La verdad, bastante agradable",1
Termina siendo buen nivel,1
Francamente es cumple bien,1
"En general, bien hecho",1
"La verdad, bastante buen nivel",1
Francamente es funciona perfecto,1
Todo resultó bacán,1
La experiencia fue eficiente,1
La experiencia fue sorprende,1
"En general, recomendable",1
La experiencia fue funciona perfecto,1
Termina siendo prolijo,1
Termina siendo recomendable,1
Todo resultó bien resuelto,1
"En general, eficiente",1
Todo resultó buena onda,1
Se siente bien hecho,1
La experiencia fue prolijo,1
Termina siendo bacán,1
Muy eficiente,1
Se siente bien resuelto,1
Se siente agradable,1
"En general, responsable",1
"En general, agradable",1
"En general, la raja",1
Todo resultó amable,1
Francamente es amable,1
Se siente bacán,1
Muy prolijo,1
Se siente bien resuelto,1
La experiencia fue funciona perfecto,1
Termina siendo agradable,1
"En general, buen nivel",1
Termina siendo cumple bien,1
Muy bien pensado,1
"En general, impecable",1
Francamente es filete,1
Todo resultó impecable,1
Todo resultó bien pensado,1
La experiencia fue cumple bien,1
Termina siendo buen nivel,1
"En general, sorprende",1
Todo resultó bien pensado,1
Termina siendo prolijo,1
Termina siendo prolijo,1
Muy sorprende,1
La experiencia fue sorprende,1
Termina siendo buen nivel,1
Francamente es buena onda,1
Francamente es impecable,1
Se siente rápido,1
Todo resultó agradable,1
"En general, bien hecho",1
Muy de calidad,1
Todo resultó bien logrado,1
Se siente funciona perfecto,1
Francamente es buena onda,1
Francamente es bien resuelto,1
Se siente eficiente,1
"En general, de calidad",1
"En general, recomendable",1
"La verdad, bastante muy piola",1
Francamente es cumple bien,1
"En general, recomendable",1
Se siente prolijo,1
Se siente sorprende,1
Muy de calidad,1
Se siente filete,1
"En general, buena onda",1
"La verdad, bastante cumple bien",1
Termina siendo bien hecho,1
"La verdad, bastante recomendable",1
"En general, bien hecho",1
"La verdad, bastante impecable",1
La experiencia fue funciona perfecto,1
Todo resultó responsable,1
Se siente bien hecho,1
Muy bien pensado,1
Francamente es bien logrado,1
"La verdad, bastante buen nivel",1
La experiencia fue bien resuelto,1
Francamente es bien logrado,1
"En general, confiable",1
Termina siendo bien hecho,1
La experiencia fue prolijo,1
La experiencia fue bien hecho,1
"En general, recomendable",1
"La verdad, bastante bien hecho",1
Francamente es eficiente,1
La experiencia fue sorprende,1
Termina siendo bien resuelto,1
La experiencia fue agradable,1
Francamente es sorprende,1
"En general, confiable",1
Muy bien logrado,1
"En general, confiable",1
Se siente sorprende,1
Se siente bien hecho,1
La experiencia fue eficiente,1
Todo resultó amable,1
Termina siendo bacán,1
Termina siendo prolijo,1
"La verdad, bastante bien pensado",1
La experiencia fue confiable,1
Se siente bien resuelto,1
La experiencia fue amable,1
Termina siendo rápido,1
Todo resultó se nota el cuidado,1
La experiencia fue filete,1
Muy la raja,1
Francamente es bien hecho,1
Muy de calidad,1
Se siente buena onda,1
La experiencia fue bacán,1
Todo resultó impecable,1
Todo resultó bien hecho,1
Se siente cumple bien,1
Francamente es responsable,1
Francamente es confiable,1
"La verdad, bastante eficiente",1
"En general, eficiente",1
Francamente es buena onda,1
Francamente es amable,1
"La verdad, bastante bien hecho",1
La experiencia fue recomendable,1
Todo resultó responsable,1
La experiencia fue muy piola,1
"La verdad, bastante sorprende",1
Termina siendo buena onda,1
"La verdad, bastante cumple bien",1
Termina siendo bien hecho,1
Muy eficiente,1
"En general, agradable",1
Muy impecable,1
Termina siendo responsable,1
Todo resultó bien hecho,1
"En general, responsable",1
Muy buen nivel,1
La experiencia fue bien logrado,1
Termina siendo bien hecho,1
Muy confiable,1
"La verdad, bastante responsable",1
"En general, rápido",1
Francamente es eficiente,1
Francamente es de calidad,1
Se siente buen nivel,1
La experiencia fue agradable,1
Muy amable,1
"En general, responsable",1
Termina siendo agradable,1
Francamente es bien logrado,1
La experiencia fue eficiente,1
"En general, bacán",1
Se siente prolijo,1
"En general, sorprende",1
Francamente es bacán,1
"En general, recomendable",1
Termina siendo correcto,1
Se siente buena onda,1
Termina siendo rápido,1
"La verdad, bastante buena onda",1
Francamente es confiable,1
Se siente agradable,1
Se siente prolijo,1
Muy eficiente,1
Muy amable,1
La experiencia fue buen nivel,1
Francamente es confiable,1
Todo resultó bien pensado,1
La experiencia fue rápido,1
Todo resultó se nota el cuidado,1
Francamente es sorprende,1
Muy muy piola,1
La experiencia fue rápido,1
Muy responsable,1
Muy buena onda,1
Termina siendo amable,1
"La verdad, bastante buen nivel",1
Todo resultó bien pensado,1
Muy muy piola,1
Todo resultó se nota el cuidado,1
"La verdad, bastante amable",1
Se siente correcto,1
Se siente se nota el cuidado,1
Termina siendo bacán,1
Termina siendo muy piola,1
Todo resultó sorprende,1
Se siente agradable,1
Muy bien pensado,1
La experiencia fue rápido,1
Muy sorprende,1
"La verdad, bastante buen nivel",1
"La verdad, bastante buen nivel",1
"La verdad, bastante bien pensado",1
Se siente funciona perfecto,1
Todo resultó amable,1
"La verdad, bastante bacán",1
"La verdad, bastante muy piola",1
Todo resultó impecable,1
Se siente buen nivel,1
"En general, la raja",1
"En general, filete",1
"La verdad, bastante impecable",1
"La verdad, bastante prolijo",1
Termina siendo impecable,1
La experiencia fue buena onda,1
Todo resultó correcto,1
La experiencia fue bien resuelto,1
Muy muy piola,1
Muy buen nivel,1
"La verdad, bastante se nota el cuidado",1
Termina siendo eficiente,1
"La verdad, bastante correcto",1
Todo resultó rápido,1
"En general, bien pensado",1
Francamente es muy piola,1
Francamente es recomendable,1
Todo resultó buen nivel,1
Todo resultó impecable,1
"La verdad, bastante funciona perfecto",1
Muy prolijo,1
"En general, agradable",1
Se siente de calidad,1
Muy sorprende,1
Muy responsable,1
Francamente es responsable,1
"La verdad, bastante impecable",1
Se siente se nota el cuidado,1
Francamente es funciona perfecto,1
Muy bacán,1
"En general, buen nivel",1
Se siente cumple bien,1
Muy bien resuelto,1
Termina siendo responsable,1
Se siente la raja,1
Todo resultó bien logrado,1
Todo resultó eficiente,1
"La verdad, bastante muy piola",1
Termina siendo buena onda,1
Termina siendo bacán,1
Se siente bien pensado,1
Muy cumple bien,1
Muy buena onda,1
Se siente funciona perfecto,1
"En general, bien pensado",1
Francamente es bien pensado,1
Termina siendo buena onda,1
Francamente es sorprende,1
Muy se nota el cuidado,1
"En general, la raja",1
"En general, eficiente",1
Termina siendo impecable,1
La experiencia fue bien pensado,1
"La verdad, bastante de calidad",1
Todo resultó muy piola,1
La experiencia fue recomendable,1
"En general, filete",1
Francamente es cumple bien,1
La experiencia fue muy piola,1
La experiencia fue impecable,1
La experiencia fue se nota el cuidado,1
Todo resultó eficiente,1
La experiencia fue agradable,1
"La verdad, bastante prolijo",1
Termina siendo confiable,1
Francamente es bien pensado,1
Se siente la raja,1
Todo resultó agradable,1
"La verdad, bastante buen nivel",1
"En general, buen nivel",1
Francamente es muy piola,1
Muy correcto,1
"La verdad, bastante muy piola",1
Se siente bien resuelto,1
Francamente es bacán,1
Termina siendo prolijo,1
"La verdad, bastante cumple bien",1
Muy correcto,1
La experiencia fue muy piola,1
"La verdad, bastante prolijo",1
La experiencia fue recomendable,1
Francamente es bien resuelto,1
Termina siendo funciona perfecto,1
Muy prolijo,1
Todo resultó la raja,1
"La verdad, bastante buen nivel",1
"En general, filete",1
La experiencia fue cumple bien,1
Muy muy piola,1
"La verdad, bastante rápido",1
"En general, recomendable",1
Muy confiable,1
"La verdad, bastante sorprende",1
Todo resultó impecable,1
Francamente es buena onda,1
Todo resultó cumple bien,1
"La verdad, bastante recomendable",1
Francamente es buen nivel,1
Francamente es sorprende,1
"La verdad, bastante recomendable",1
Se siente la raja,1
"La verdad, bastante funciona perfecto",1
Francamente es funciona perfecto,1
La experiencia fue amable,1
Se siente correcto,1
Muy bien hecho,1
Francamente es confiable,1
Francamente es rápido,1
"La verdad, bastante bacán",1
Se siente bacán,1
La experiencia fue buen nivel,1
La experiencia fue buena onda,1
Se siente muy piola,1
"La verdad, bastante cumple bien",1
Se siente de calidad,1
"En general, bien hecho",1
"En general, eficiente",1
"En general, muy piola",1
"En general, bien logrado",1
"En general, buena onda",1
Se siente la raja,1
"En general, bien hecho",1
Termina siendo amable,1
"La verdad, bastante cumple bien",1
Termina siendo la raja,1
La experiencia fue bien logrado,1
Termina siendo responsable,1
La experiencia fue bien hecho,1
Se siente buen nivel,1
Se siente amable,1
Muy buen nivel,1
Francamente es bacán,1
Termina siendo cumple bien,1
"En general, bien resuelto",1
La experiencia fue muy piola,1
"La verdad, bastante bien hecho",1
Se siente impecable,1
"La verdad, bastante eficiente",1
"La verdad, bastante bien logrado",1
La experiencia fue agradable,1
Todo resultó bien logrado,1
Muy filete,1
Francamente es agradable,1
Se siente la raja,1
Todo resultó bien hecho,1
Muy de calidad,1
Muy buena onda,1
La experiencia fue muy piola,1
"La verdad, bastante responsable",1
"La verdad, bastante bien hecho",1
Se siente bien logrado,1
"En general, bien logrado",1
"La verdad, bastante bien resuelto",1
Todo resultó funciona perfecto,1
Termina siendo la raja,1
Muy se nota el cuidado,1
Se siente buena onda,1
Se siente agradable,1
La experiencia fue buena onda,1
La experiencia fue amable,1
Francamente es rápido,1
"En general, prolijo",1
"En general, amable",1
"En general, prolijo",1
Francamente es recomendable,1
Se siente bien logrado,1
"La verdad, bastante filete",1
Francamente es responsable,1
"La verdad, bastante bien hecho",1
"La verdad, bastante amable",1
La experiencia fue bacán,1
Se siente correcto,1
"En general, bacán",1
Se siente bien hecho,1
"En general, buen nivel",1
Se siente filete,1
"En general, se nota el cuidado",1
Todo resultó rápido,1
La experiencia fue bien resuelto,1
Termina siendo cumple bien,1
Se siente correcto,1
Se siente agradable,1
Francamente es muy piola,1
"En general, bien hecho",1
Termina siendo de calidad,1
"La verdad, bastante de calidad",1
"En general, sorprende",1
"En general, la raja",1
"En general, bien hecho",1
Se siente bacán,1
Francamente es bien pensado,1
La experiencia fue correcto,1
La experiencia fue buen nivel,1
"La verdad, bastante rápido",1
Muy de calidad,1
Se siente bien hecho,1
Francamente es correcto,1
Francamente es la raja,1
"En general, recomendable",1
Se siente rápido,1
Se siente filete,1
Muy bacán,1
Francamente es se nota el cuidado,1
"En general, amable",1
"En general, la raja",1
Muy impecable,1
Muy agradable,1
Muy eficiente,1
"La verdad, bastante bien resuelto",1
"La verdad, bastante bacán",1
Todo resultó confiable,1
"En general, la raja",1
Todo resultó muy piola,1
"En general, buena onda",1
Muy buena onda,1
"En general, amable",1
"En general, eficiente",1
Termina siendo recomendable,1
Todo resultó funciona perfecto,1
Se siente muy piola,1
Todo resultó eficiente,1
Termina siendo muy piola,1
"En general, la raja",1
La experiencia fue rápido,1
Todo resultó eficiente,1
Todo resultó funciona perfecto,1
"En general, filete",1
Todo resultó bien logrado,1
Francamente es recomendable,1
Francamente es confiable,1
Muy responsable,1
"La verdad, bastante prolijo",1
Francamente es cumple bien,1
Se siente buen nivel,1
Todo resultó rápido,1
Francamente es confiable,1
"En general, se nota el cuidado",1
"La verdad, bastante eficiente",1
"En general, la raja",1
Termina siendo responsable,1
La experiencia fue la raja,1
Francamente es rápido,1
Muy filete,1
Todo resultó sorprende,1
Muy de calidad,1
"En general, confiable",1
"En general, bien hecho",1
Todo resultó recomendable,1
"En general, buen nivel",1
La experiencia fue rápido,1
Todo resultó agradable,1
Termina siendo recomendable,1
Muy la raja,1
"La verdad, bastante sorprende",1
Se siente impecable,1
Se siente de calidad,1
Todo resultó bien logrado,1
Muy filete,1
"En general, amable",1
Muy prolijo,1
Todo resultó agradable,1
Termina siendo correcto,1
Todo resultó buena onda,1
Todo resultó rápido,1
Se siente recomendable,1
La experiencia fue buen nivel,1
"En general, funciona perfecto",1
Todo resultó filete,1
Francamente es la raja,1
Todo resultó funciona perfecto,1
"La verdad, bastante la raja",1
"La verdad, bastante buen nivel",1
La experiencia fue sorprende,1
Se siente sorprende,1
Francamente es bien hecho,1
"En general, responsable",1
Termina siendo eficiente,1
Todo resultó bien logrado,1
Muy responsable,1
Se siente recomendable,1
Francamente es responsable,1
"La verdad, bastante agradable",1
Muy buena onda,1
La experiencia fue filete,1
"La verdad, bastante de calidad",1
"En general, correcto",1
Muy responsable,1
Muy responsable,1
Todo resultó muy piola,1
Todo resultó bien pensado,1
Todo resultó amable,1
Francamente es muy piola,1
"La verdad, bastante se nota el cuidado",1
Muy correcto,1
La experiencia fue se nota el cuidado,1
Se siente prolijo,1
La experiencia fue bacán,1
Todo resultó bien hecho,1
"En general, agradable",1
Muy responsable,1
Francamente es rápido,1
"La verdad, bastante bacán",1
Todo resultó agradable,1
"En general, buen nivel",1
Muy muy piola,1
Se siente funciona perfecto,1
Se siente correcto,1
"En general, amable",1
"La verdad, bastante rápido",1
Se siente agradable,1
Se siente rápido,1
Termina siendo la raja,1
La experiencia fue bacán,1
"En general, prolijo",1
Muy buena onda,1
Muy bien resuelto,1
"La verdad, bastante bien hecho",1
La experiencia fue funciona perfecto,1
Se siente bien logrado,1
"En general, prolijo",1
"En general, buen nivel",1
La experiencia fue rápido,1
La experiencia fue buena onda,1
Francamente es se nota el cuidado,1
La experiencia fue sorprende,1
Muy rápido,1
"La verdad, bastante bacán",1
Francamente es bien pensado,1
Francamente es bien hecho,1
Termina siendo bien hecho,1
Muy cumple bien,1
"La verdad, bastante correcto",1
Muy bien resuelto,1
La experiencia fue amable,1
"En general, impecable",1
Se siente sorprende,1
Todo resultó bien hecho,1
Muy bacán,1
Termina siendo sorprende,1
Muy rápido,1
Francamente es agradable,1
Todo resultó bien pensado,1
Francamente es correcto,1
Termina siendo amable,1
"La verdad, bastante correcto",1
"En general, impecable",1
"En general, bacán",1
Todo resultó rápido,1
Todo resultó prolijo,1
Francamente es buen nivel,1
"En general, impecable",1
Muy bacán,1
Francamente es filete,1
Muy sorprende,1
Termina siendo impecable,1
Todo resultó impecable,1
Termina siendo bien pensado,1
Se siente impecable,1
Muy bien pensado,1
"La verdad, bastante amable",1
Termina siendo muy piola,1
"En general, cumple bien",1
Se siente filete,1
Se siente se nota el cuidado,1
La experiencia fue prolijo,1
"En general, correcto",1
Muy rápido,1
Termina siendo amable,1
"En general, buena onda",1
Todo resultó se nota el cuidado,1
Muy de calidad,1
Francamente es muy piola,1
"La verdad, bastante funciona perfecto",1
Todo resultó bien hecho,1
Muy correcto,1
Todo resultó filete,1
"La verdad, bastante buena onda",1
La experiencia fue prolijo,1
Termina siendo prolijo,1
Se siente bien resuelto,1
Muy bien logrado,1
La experiencia fue bien resuelto,1
Todo resultó cumple bien,1
"En general, prolijo",1
"La verdad, bastante se nota el cuidado",1
Todo resultó buen nivel,1
"La verdad, bastante filete",1
La experiencia fue responsable,1
La experiencia fue responsable,1
Francamente es filete,1
Se siente confiable,1
Todo resultó sorprende,1
Termina siendo eficiente,1
Muy correcto,1
Termina siendo se nota el cuidado,1
La experiencia fue prolijo,1
Se siente confiable,1
Termina siendo agradable,1
La experiencia fue se nota el cuidado,1
Termina siendo se nota el cuidado,1
Termina siendo confiable,1
Todo resultó buena onda,1
Francamente es bien pensado,1
"En general, cumple bien",1
Francamente es buen nivel,1
Termina siendo se nota el cuidado,1
Se siente funciona perfecto,1
Termina siendo funciona perfecto,1
Muy buena onda,1
Termina siendo buena onda,1
Francamente es sorprende,1
Termina siendo muy piola,1
La experiencia fue confiable,1
Francamente es muy piola,1
La experiencia fue prolijo,1
Muy rápido,1
Francamente es funciona perfecto,1
Termina siendo la raja,1
Termina siendo de calidad,1
Se siente funciona perfecto,1
Termina siendo sorprende,1
La experiencia fue muy piola,1
Se siente eficiente,1
Todo resultó responsable,1
Francamente es impecable,1
La experiencia fue rápido,1
"En general, rápido",1
Termina siendo bien hecho,1
Francamente es responsable,1
Termina siendo cumple bien,1
Termina siendo bien logrado,1
Todo resultó muy piola,1
Termina siendo cumple bien,1
Termina siendo agradable,1
"En general, buen nivel",1
Muy sorprende,1
"La verdad, bastante bien pensado",1
Francamente es cumple bien,1
Muy bacán,1
Francamente es funciona perfecto,1
Francamente es funciona perfecto,1
Francamente es bien pensado,1
La experiencia fue rápido,1
Francamente es buena onda,1
"La verdad, bastante buen nivel",1
Se siente funciona perfecto,1
"En general, prolijo",1
"La verdad, bastante buen nivel",1
"En general, bien pensado",1
Muy funciona perfecto,1
Todo resultó impecable,1
Francamente es funciona perfecto,1
"La verdad, bastante bien hecho",1
Se siente impecable,1
Muy rápido,1
Muy filete,1
Termina siendo bien pensado,1
La experiencia fue la raja,1
Francamente es confiable,1
La experiencia fue bien pensado,1
La experiencia fue eficiente,1
Termina siendo bien logrado,1
"En general, bien hecho",1
La experiencia fue impecable,1
Termina siendo agradable,1
Se siente cumple bien,1
"En general, de calidad",1
"La verdad, bastante amable",1
Termina siendo recomendable,1
Muy buen nivel,1
"La verdad, bastante muy piola",1
Todo resultó prolijo,1
Muy impecable,1
Muy de calidad,1
Se siente responsable,1
Todo resultó bien resuelto,1
Todo resultó buen nivel,1
Muy recomendable,1
Todo resultó de calidad,1
Francamente es rápido,1
Muy se nota el cuidado,1
Francamente es de calidad,1
"La verdad, bastante confiable",1
Francamente es rápido,1
Se siente confiable,1
Francamente es de calidad,1
"La verdad, bastante cumple bien",1
La experiencia fue eficiente,1
"La verdad, bastante prolijo",1
Todo resultó prolijo,1
Se siente muy piola,1
Francamente es bien pensado,1
Muy confiable,1
"En general, eficiente",1
Francamente es filete,1
La experiencia fue bien pensado,1
Se siente buen nivel,1
Termina siendo buena onda,1
"En general, muy piola",1
Termina siendo la raja,1
La experiencia fue de calidad,1
"La verdad, bastante de calidad",1
Se siente agradable,1
Se siente eficiente,1
Todo resultó buen nivel,1
La experiencia fue correcto,1
La experiencia fue la raja,1
Francamente es agradable,1
"La verdad, bastante de calidad",1
Se siente eficiente,1
Todo resultó confiable,1
Termina siendo rápido,1
La experiencia fue bacán,1
"La verdad, bastante se nota el cuidado",1
Francamente es bien hecho,1
"La verdad, bastante sorprende",1
Todo resultó buena onda,1
"En general, buena onda",1
"La verdad, bastante bien resuelto",1
Todo resultó bien hecho,1
"En general, prolijo",1
"En general, bien hecho",1
Muy confiable,1
La experiencia fue bien pensado,1
La experiencia fue cumple bien,1
"En general, funciona perfecto",1
Termina siendo muy piola,1
"La verdad, bastante sorprende",1
"La verdad, bastante funciona perfecto",1
Termina siendo se nota el cuidado,1
La experiencia fue sorprende,1
"La verdad, bastante recomendable",1
La experiencia fue buen nivel,1
La experiencia fue confiable,1
Termina siendo de calidad,1
"La verdad, bastante la raja",1
La experiencia fue prolijo,1
"La verdad, bastante impecable",1
"La verdad, bastante bien hecho",1
Francamente es eficiente,1
Francamente es prolijo,1
"La verdad, bastante la raja",1
Termina siendo recomendable,1
Se siente se nota el cuidado,1
Francamente es la raja,1
Se siente confiable,1
Todo resultó impecable,1
"En general, impecable",1
Termina siendo bien pensado,1
"La verdad, bastante correcto",1
"La verdad, bastante correcto",1
Muy confiable,1
Todo resultó prolijo,1
Se siente se nota el cuidado,1
Todo resultó prolijo,1
"La verdad, bastante de calidad",1
Se siente bien pensado,1
"La verdad, bastante bien pensado",1
Muy impecable,1
"En general, bien logrado",1
La experiencia fue bacán,1
Termina siendo cumple bien,1
Francamente es eficiente,1
"En general, buen nivel",1
Todo resultó bien pensado,1
Francamente es recomendable,1
Se siente cumple bien,1
La experiencia fue bacán,1
Todo resultó bien pensado,1
Termina siendo sorprende,1
La experiencia fue filete,1
La experiencia fue bien resuelto,1
Termina siendo filete,1
"En general, bien resuelto",1
La experiencia fue bien logrado,1
Se siente impecable,1
Francamente es confiable,1
"En general, agradable",1
Todo resultó eficiente,1
"La verdad, bastante bien logrado",1
Se siente muy piola,1
Se siente buena onda,1
"La verdad, bastante bien pensado",1
Termina siendo la raja,1
"La verdad, bastante bacán",1
Muy funciona perfecto,1
Muy bien logrado,1
Muy la raja,1
La experiencia fue recomendable,1
Francamente es rápido,1
Todo resultó correcto,1
Termina siendo recomendable,1
Todo resultó eficiente,1
Todo resultó rápido,1
La experiencia fue bien resuelto,1
Termina siendo bien pensado,1
"La verdad, bastante la raja",1
"La verdad, bastante cumple bien",1
Muy impecable,1
"En general, buen nivel",1
La experiencia fue prolijo,1
Se siente bien hecho,1
"En general, la raja",1
"La verdad, bastante amable",1
La experiencia fue sorprende,1
Todo resultó buen nivel,1
Todo resultó bacán,1
La experiencia fue bien hecho,1
"La verdad, bastante funciona perfecto",1
"En general, buen nivel",1
Francamente es recomendable,1
La experiencia fue de calidad,1
"En general, eficiente",1
Muy bien logrado,1
Muy agradable,1
Francamente es filete,1
"La verdad, bastante buena onda",1
"En general, sorprende",1
Francamente es bien logrado,1
"La verdad, bastante muy piola",1
Todo resultó buena onda,1
Termina siendo amable,1
Muy responsable,1
Muy funciona perfecto,1
"La verdad, bastante prolijo",1
"La verdad, bastante confiable",1
Todo resultó buena onda,1
Se siente bien logrado,1
Termina siendo amable,1
La experiencia fue bien pensado,1
Se siente se nota el cuidado,1
Se siente bacán,1
"En general, correcto",1
"En general, bien resuelto",1
Todo resultó buena onda,1
Se siente filete,1
Francamente es recomendable,1
La experiencia fue se nota el cuidado,1
Muy rápido,1
Francamente es bien logrado,1
La experiencia fue amable,1
"En general, bien hecho",1
Francamente es sorprende,1
Termina siendo bien resuelto,1
Muy responsable,1
Todo resultó rápido,1
Francamente es responsable,1
Todo resultó correcto,1
"En general, eficiente",1
Todo resultó impecable,1
Se siente amable,1
Todo resultó cumple bien,1
Termina siendo rápido,1
Todo resultó la raja,1
Todo resultó muy piola,1
La experiencia fue bien hecho,1
Muy rápido,1
"La verdad, bastante filete",1
"La verdad, bastante bacán",1
"En general, responsable",1
Termina siendo amable,1
Todo resultó bien logrado,1
Todo resultó cumple bien,1
Termina siendo la raja,1
Se siente la raja,1
"En general, bien pensado",1
Se siente eficiente,1
Se siente impecable,1
La experiencia fue amable,1
"La verdad, bastante agradable",1
Termina siendo bien resuelto,1
Todo resultó de calidad,1
Francamente es confiable,1
"La verdad, bastante se nota el cuidado",1
"La verdad, bastante de calidad",1
Francamente es bien logrado,1
Se siente funciona perfecto,1
Todo resultó muy piola,1
Francamente es bien resuelto,1
Termina siendo sorprende,1
"La verdad, bastante se nota el cuidado",1
"La verdad, bastante prolijo",1
Se siente confiable,1
La experiencia fue la raja,1
La experiencia fue amable,1
Termina siendo amable,1
"La verdad, bastante bacán",1
Todo resultó se nota el cuidado,1
La experiencia fue de calidad,1
La experiencia fue rápido,1
"La verdad, bastante agradable",1
Francamente es recomendable,1
"En general, funciona perfecto",1
Termina siendo rápido,1
Termina siendo sorprende,1
Francamente es buena onda,1
Se siente sorprende,1
"La verdad, bastante filete",1
Muy filete,1
Francamente es bacán,1
Todo resultó rápido,1
"La verdad, bastante cumple bien",1
"La verdad, bastante se nota el cuidado",1
Francamente es de calidad,1
Se siente confiable,1
Todo resultó recomendable,1
Todo resultó bien resuelto,1
"En general, recomendable",1
Todo resultó recomendable,1
Todo resultó eficiente,1
Francamente es amable,1
"En general, agradable",1
"La verdad, bastante eficiente",1
"La verdad, bastante bacán",1
Todo resultó responsable,1
La experiencia fue confiable,1
Todo resultó impecable,1
"La verdad, bastante eficiente",1
"La verdad, bastante la raja",1
La experiencia fue la raja,1
Francamente es filete,1
Francamente es agradable,1
"La verdad, bastante de calidad",1
Muy sorprende,1
La experiencia fue amable,1
"En general, amable",1
La experiencia fue buena onda,1
Se siente bien pensado,1
Se siente se nota el cuidado,1
La experiencia fue bien resuelto,1
Francamente es sorprende,1
La experiencia fue de calidad,1
La experiencia fue bien pensado,1
"La verdad, bastante bacán",1
Muy bacán,1
"En general, impecable",1
Francamente es confiable,1
Muy cumple bien,1
Muy bien logrado,1
Termina siendo prolijo,1
"En general, impecable",1
La experiencia fue la raja,1
Se siente impecable,1
"La verdad, bastante sorprende",1
Todo resultó sorprende,1
"La verdad, bastante bien logrado",1
Francamente es muy piola,1
"La verdad, bastante bien logrado",1
Francamente es correcto,1
Todo resultó recomendable,1
Todo resultó filete,1
"La verdad, bastante agradable",1
Todo resultó sorprende,1
La experiencia fue bien resuelto,1
Termina siendo recomendable,1
Termina siendo prolijo,1
Todo resultó bacán,1
Termina siendo buen nivel,1
Se siente bien logrado,1
Termina siendo bien resuelto,1
"En general, buena onda",1
"En general, bacán",1
"En general, impecable",1
Muy muy piola,1
Se siente se nota el cuidado,1
Todo resultó bien logrado,1
"En general, agradable",1
"La verdad, bastante filete",1
Termina siendo eficiente,1
Muy agradable,1
La experiencia fue bien logrado,1
"En general, sorprende",1
Todo resultó eficiente,1
"En general, bacán",1
Se siente bien hecho,1
La experiencia fue bien pensado,1
Todo resultó bien resuelto,1
Francamente es muy piola,1
Francamente es agradable,1
Francamente es eficiente,1
La experiencia fue de calidad,1
"La verdad, bastante agradable",1
Francamente es cumple bien,1
Todo resultó recomendable,1
Se siente de calidad,1
Termina siendo buen nivel,1
"La verdad, bastante impecable",1
Muy bien pensado,1
"En general, bien pensado",1
Todo resultó bacán,1
Muy funciona perfecto,1
La experiencia fue buena onda,1
Termina siendo prolijo,1
"En general, rápido",1
Se siente de calidad,1
"La verdad, bastante sorprende",1
"En general, amable",1
Termina siendo rápido,1
La experiencia fue confiable,1
Termina siendo muy piola,1
Termina siendo buen nivel,1
Termina siendo bien hecho,1
"La verdad, bastante responsable",1
Termina siendo muy piola,1
La experiencia fue recomendable,1
Termina siendo funciona perfecto,1
"La verdad, bastante cumple bien",1
Todo resultó bien logrado,1
"La verdad, bastante correcto",1
"En general, agradable",1
Termina siendo prolijo,1
Muy confiable,1
Se siente filete,1
"En general, impecable",1
Termina siendo prolijo,1
Termina siendo amable,1
Todo resultó sorprende,1
La experiencia fue sorprende,1
Termina siendo prolijo,1
La experiencia fue bien pensado,1
Muy cumple bien,1
La experiencia fue prolijo,1
"En general, bien logrado",1
Se siente buen nivel,1
Todo resultó bien pensado,1
Todo resultó la raja,1
Francamente es eficiente,1
Muy buena onda,1
La experiencia fue responsable,1
"La verdad, bastante sorprende",1
Muy buen nivel,1
"La verdad, bastante amable",1
Todo resultó prolijo,1
Termina siendo rápido,1
La experiencia fue confiable,1
"La verdad, bastante buena onda",1
Muy la raja,1
"La verdad, bastante confiable",1
Todo resultó bien pensado,1
Francamente es la raja,1
Termina siendo impecable,1
Francamente es de calidad,1
Se siente muy piola,1
Todo resultó cumple bien,1
"La verdad, bastante responsable",1
"La verdad, bastante rápido",1
Termina siendo filete,1
Se siente buen nivel,1
Todo resultó de calidad,1
Todo resultó bien logrado,1
"En general, rápido",1
Termina siendo sorprende,1
Termina siendo correcto,1
Todo resultó eficiente,1
Se siente bien resuelto,1
Termina siendo recomendable,1
Se siente agradable,1
Termina siendo buena onda,1
"La verdad, bastante impecable",1
Francamente es cumple bien,1
Muy bacán,1
Francamente es confiable,1
La experiencia fue correcto,1
"La verdad, bastante bien hecho",1
Muy eficiente,1
Muy cumple bien,1
"La verdad, bastante responsable",1
"En general, buena onda",1
"En general, eficiente",1
Muy bien logrado,1
Todo resultó se nota el cuidado,1
"En general, responsable",1
"En general, confiable",1
Francamente es buena onda,1
La experiencia fue sorprende,1
"La verdad, bastante bien hecho",1
Muy funciona perfecto,1
"La verdad, bastante bien logrado",1
Termina siendo bien hecho,1
Muy buena onda,1
Muy muy piola,1
Muy de calidad,1
Se siente correcto,1
Todo resultó bacán,1
"La verdad, bastante buen nivel",1
"La verdad, bastante bacán",1
Francamente es buen nivel,1
"En general, bien resuelto",1
"En general, filete",1
"La verdad, bastante bien pensado",1
La experiencia fue buena onda,1
Se siente prolijo,1
Francamente es bien logrado,1
Muy cumple bien,1
Termina siendo bien logrado,1
La experiencia fue prolijo,1
Todo resultó bacán,1
Termina siendo correcto,1
Termina siendo sorprende,1
Muy funciona perfecto,1
"En general, bien resuelto",1
"La verdad, bastante correcto",1
"La verdad, bastante funciona perfecto",1
Muy buena onda,1
Muy bacán,1
Termina siendo prolijo,1
Muy muy piola,1
Muy funciona perfecto,1
Todo resultó sorprende,1
"En general, bien resuelto",1
"La verdad, bastante responsable",1
Se siente confiable,1
La experiencia fue de calidad,1
"La verdad, bastante bien resuelto",1
Se siente recomendable,1
"En general, de calidad",1
Termina siendo correcto,1
Francamente es recomendable,1
"La verdad, bastante impecable",1
Todo resultó bien pensado,1
Todo resultó confiable,1
Muy amable,1
"En general, buen nivel",1
La experiencia fue buena onda,1
La experiencia fue funciona perfecto,1
Muy amable,1
Muy buena onda,1
Todo resultó eficiente,1
Termina siendo bacán,1
La experiencia fue bien resuelto,1
Termina siendo sorprende,1
Termina siendo confiable,1
Francamente es cumple bien,1
Muy correcto,1
Termina siendo bien pensado,1
La experiencia fue responsable,1
Se siente rápido,1
Se siente bien logrado,1
"En general, cumple bien",1
"La verdad, bastante filete",1
Muy buen nivel,1
Muy agradable,1
Termina siendo amable,1
La experiencia fue bacán,1
Francamente es cumple bien,1
La experiencia fue amable,1
Francamente es amable,1
"En general, impecable",1
Muy funciona perfecto,1
Se siente prolijo,1
Francamente es correcto,1
Termina siendo de calidad,1
"La verdad, bastante amable",1
Francamente es muy piola,1
Muy confiable,1
La experiencia fue se nota el cuidado,1
Muy agradable,1
"La verdad, bastante muy piola",1
Termina siendo bien logrado,1
Termina siendo prolijo,1
Termina siendo bacán,1
La experiencia fue amable,1
Todo resultó se nota el cuidado,1
Francamente es cumple bien,1
Francamente es bacán,1
"En general, confiable",1
"En general, bien pensado",1
La experiencia fue cumple bien,1
Francamente es cumple bien,1
"En general, responsable",1
Francamente es buena onda,1
Se siente bien hecho,1
Todo resultó amable,1
"La verdad, bastante funciona perfecto",1
"La verdad, bastante muy piola",1
"La verdad, bastante bien pensado",1
Francamente es funciona perfecto,1
Todo resultó bien pensado,1
"La verdad, bastante responsable",1
Muy la raja,1
Termina siendo bien logrado,1
Francamente es la raja,1
La experiencia fue rápido,1
"En general, agradable",1
"En general, de calidad",1
Muy impecable,1
"La verdad, bastante muy piola",1
Todo resultó bien logrado,1
"La verdad, bastante se nota el cuidado",1
Francamente es impecable,1
La experiencia fue la raja,1
Muy correcto,1
La experiencia fue responsable,1
Muy eficiente,1
"En general, de calidad",1
Francamente es bien resuelto,1
Termina siendo buena onda,1
Termina siendo muy piola,1
Francamente es filete,1
Muy amable,1
Se siente cumple bien,1
La experiencia fue buen nivel,1
Termina siendo confiable,1
La experiencia fue buen nivel,1
"La verdad, bastante de calidad",1
Se siente recomendable,1
Muy bien pensado,1
Muy funciona perfecto,1
Todo resultó sorprende,1
Todo resultó filete,1
Termina siendo correcto,1
Se siente impecable,1
"En general, buen nivel",1
Francamente es de calidad,1
Se siente de calidad,1
Muy cumple bien,1
Muy bacán,1
Termina siendo de calidad,1
Muy rápido,1
La experiencia fue cumple bien,1
Francamente es responsable,1
Termina siendo impecable,1
Se siente prolijo,1
"En general, responsable",1
La experiencia fue buena onda,1
La experiencia fue agradable,1
La experiencia fue rápido,1
Todo resultó se nota el cuidado,1
Francamente es cumple bien,1
Muy filete,1
Termina siendo de calidad,1
Francamente es filete,1
Francamente es correcto,1
Todo resultó funciona perfecto,1
Se siente eficiente,1
Termina siendo filete,1
La experiencia fue agradable,1
La experiencia fue correcto,1
Todo resultó bien pensado,1
Se siente bien hecho,1
Se siente sorprende,1
Francamente es correcto,1
Se siente se nota el cuidado,1
"En general, prolijo",1
"En general, bien resuelto",1
La experiencia fue amable,1
"La verdad, bastante buena onda",1
Se siente prolijo,1
Termina siendo muy piola,1
"En general, de calidad",1
"En general, se nota el cuidado",1
Francamente es responsable,1
La experiencia fue bien resuelto,1
Termina siendo buena onda,1
Se siente funciona perfecto,1
La experiencia fue buen nivel,1
Termina siendo confiable,1
Termina siendo bien logrado,1
Se siente funciona perfecto,1
La experiencia fue buen nivel,1
Francamente es filete,1
Francamente es correcto,1
Termina siendo eficiente,1
Termina siendo cumple bien,1
Muy de calidad,1
Muy prolijo,1
La experiencia fue rápido,1
Francamente es la raja,1
Todo resultó recomendable,1
"En general, confiable",1
Muy sorprende,1
Muy se nota el cuidado,1
Francamente es buen nivel,1
"En general, recomendable",1
La experiencia fue agradable,1
Se siente correcto,1
"La verdad, bastante buena onda",1
Muy se nota el cuidado,1
Muy de calidad,1
Todo resultó filete,1
Todo resultó buena onda,1
Todo resultó filete,1
Todo resultó recomendable,1
Se siente la raja,1
"En general, bacán",1
"En general, se nota el cuidado",1
Francamente es bien hecho,1
Todo resultó correcto,1
Se siente filete,1
Todo resultó correcto,1
"La verdad, bastante la raja",1
Se siente la raja,1
La experiencia fue recomendable,1
Todo resultó agradable,1
"En general, recomendable",1
Francamente es prolijo,1
"La verdad, bastante cumple bien",1
Francamente es cumple bien,1
"En general, bien resuelto",1
La experiencia fue rápido,1
"La verdad, bastante buen nivel",1
"En general, muy piola",1
Termina siendo muy piola,1
Se siente responsable,1
Francamente es confiable,1
"La verdad, bastante sorprende",1
Francamente es correcto,1
Muy prolijo,1
Muy rápido,1
La experiencia fue impecable,1
Francamente es funciona perfecto,1
La experiencia fue recomendable,1
Se siente correcto,1
"En general, bien resuelto",1
Todo resultó confiable,1
La experiencia fue cumple bien,1
La experiencia fue buena onda,1
Se siente bien hecho,1
Muy sorprende,1
Muy rápido,1
Se siente muy piola,1
Todo resultó sorprende,1
Se siente correcto,1
La experiencia fue bacán,1
"La verdad, bastante muy piola",1
Termina siendo bacán,1
Francamente es recomendable,1
Francamente es filete,1
Termina siendo rápido,1
"La verdad, bastante la raja",1
Muy rápido,1
"En general, buen nivel",1
"En general, buen nivel",1
Termina siendo correcto,1
Francamente es amable,1
Muy responsable,1
Termina siendo agradable,1
Muy bien resuelto,1
Muy confiable,1
"En general, cumple bien",1
Se siente recomendable,1
"La verdad, bastante muy piola",1
La experiencia fue rápido,1
Se siente amable,1
Francamente es impecable,1
Termina siendo recomendable,1
"En general, rápido",1
Todo resultó responsable,1
La experiencia fue responsable,1
Termina siendo bien hecho,1
Todo resultó sorprende,1
Muy recomendable,1
"En general, correcto",1
"La verdad, bastante buena onda",1
Muy impecable,1
Se siente eficiente,1
La experiencia fue bien logrado,1
Se siente bien hecho,1
"En general, buena onda",1
Se siente eficiente,1
"En general, sorprende",1
"La verdad, bastante rápido",1
La experiencia fue cumple bien,1
Francamente es cumple bien,1
Todo resultó bien logrado,1
Se siente prolijo,1
Se siente amable,1
Todo resultó buena onda,1
La experiencia fue de calidad,1
"En general, bien logrado",1
"En general, recomendable",1
"En general, amable",1
Se siente de calidad,1
"La verdad, bastante bien pensado",1
Francamente es la raja,1
La experiencia fue filete,1
Francamente es filete,1
"En general, responsable",1
Todo resultó sorprende,1
La experiencia fue funciona perfecto,1
La experiencia fue impecable,1
Termina siendo funciona perfecto,1
"La verdad, bastante filete",1
La experiencia fue prolijo,1
La experiencia fue agradable,1
Termina siendo la raja,1
La experiencia fue confiable,1
Termina siendo buena onda,1
La experiencia fue correcto,1
"En general, bien pensado",1
Muy muy piola,1
Se siente de calidad,1
Termina siendo filete,1
Todo resultó rápido,1
La experiencia fue muy piola,1
Muy bien hecho,1
Se siente la raja,1
La experiencia fue bien resuelto,1
Francamente es impecable,1
"En general, bien pensado",1
Termina siendo cumple bien,1
La experiencia fue la raja,1
"En general, recomendable",1
Muy bien logrado,1
La experiencia fue muy piola,1
Todo resultó bacán,1
"En general, correcto",1
La experiencia fue funciona perfecto,1
Francamente es bien hecho,1
La experiencia fue amable,1
La experiencia fue buen nivel,1
La experiencia fue rápido,1
Todo resultó buen nivel,1
"La verdad, bastante prolijo",1
Todo resultó correcto,1
Termina siendo rápido,1
"En general, bien hecho",1
La experiencia fue eficiente,1
"La verdad, bastante de calidad",1
"En general, rápido",1
Muy bacán,1
"La verdad, bastante sorprende",1
Termina siendo filete,1
"La verdad, bastante sorprende",1
Todo resultó bien resuelto,1
Termina siendo rápido,1
Francamente es la raja,1
"La verdad, bastante correcto",1
"La verdad, bastante recomendable",1
Se siente buen nivel,1
Termina siendo impecable,1
"En general, la raja",1
Todo resultó prolijo,1
Francamente es bacán,1
Termina siendo responsable,1
La experiencia fue buen nivel,1
Muy rápido,1
Se siente buen nivel,1
"La verdad, bastante se nota el cuidado",1
Termina siendo bien resuelto,1
"La verdad, bastante amable",1
Termina siendo de calidad,1
Se siente buen nivel,1
Termina siendo bien hecho,1
Muy bacán,1
La experiencia fue prolijo,1
"La verdad, bastante filete",1
La experiencia fue de calidad,1
Muy buen nivel,1
Todo resultó bien pensado,1
Se siente rápido,1
"En general, amable",1
Termina siendo bien logrado,1
"La verdad, bastante bien hecho",1
Muy buen nivel,1
La experiencia fue bacán,1
La experiencia fue amable,1
"La verdad, bastante funciona perfecto",1
La experiencia fue bien hecho,1
La experiencia fue funciona perfecto,1
"La verdad, bastante bien pensado",1
Se siente la raja,1
Francamente es sorprende,1
Se siente responsable,1
Termina siendo rápido,1
Termina siendo prolijo,1
"En general, bien hecho",1
Francamente es recomendable,1
La experiencia fue buen nivel,1
Todo resultó bacán,1
La experiencia fue se nota el cuidado,1
"La verdad, bastante agradable",1
Termina siendo rápido,1
"La verdad, bastante cumple bien",1
"En general, bacán",1
Francamente es sorprende,1
Francamente es rápido,1
Todo resultó muy piola,1
"La verdad, bastante bien resuelto",1
"En general, muy piola",1
Todo resultó cumple bien,1
Todo resultó sorprende,1
Termina siendo de calidad,1
Termina siendo impecable,1
"La verdad, bastante muy piola",1
Todo resultó bacán,1
"En general, bien pensado",1
Termina siendo agradable,1
Todo resultó agradable,1
Francamente es bien pensado,1
"La verdad, bastante eficiente",1
"En general, filete",1
Francamente es agradable,1
La experiencia fue impecable,1
Francamente es muy piola,1
Todo resultó de calidad,1
Francamente es prolijo,1
La experiencia fue eficiente,1
"En general, responsable",1
"En general, sorprende",1
"En general, confiable",1
La experiencia fue confiable,1
Todo resultó bien logrado,1
Todo resultó funciona perfecto,1
Se siente buena onda,1
La experiencia fue eficiente,1
"La verdad, bastante agradable",1
"En general, impecable",1
"En general, rápido",1
"La verdad, bastante se nota el cuidado",1
Todo resultó prolijo,1
Todo resultó bacán,1
"La verdad, bastante amable",1
Todo resultó la raja,1
Francamente es sorprende,1
Se siente prolijo,1
"La verdad, bastante sorprende",1
Termina siendo bien logrado,1
Se siente muy piola,1
Muy bien logrado,1
La experiencia fue correcto,1
La experiencia fue se nota el cuidado,1
Termina siendo se nota el cuidado,1
La experiencia fue de calidad,1
Se siente sorprende,1
"En general, amable",1
Francamente es bien pensado,1
"La verdad, bastante agradable",1
Muy la raja,1
"La verdad, bastante bacán",1
Se siente bien resuelto,1
"En general, rápido",1
Se siente agradable,1
Muy se nota el cuidado,1
"En general, buena onda",1
Termina siendo recomendable,1
Termina siendo rápido,1
Todo resultó bien logrado,1
"La verdad, bastante confiable",1
"La verdad, bastante amable",1
"La verdad, bastante muy piola",1
Se siente confiable,1
Todo resultó bien pensado,1
La experiencia fue bien hecho,1
Todo resultó de calidad,1
Todo resultó bien hecho,1
"En general, la raja",1
Todo resultó bien pensado,1
Muy bien hecho,1
Francamente es la raja,1
"En general, confiable",1
La experiencia fue buena onda,1
Muy agradable,1
"En general, recomendable",1
Todo resultó buen nivel,1
La experiencia fue agradable,1
Todo resultó filete,1
Todo resultó filete,1
Se siente agradable,1
La experiencia fue de calidad,1
Muy bien pensado,1
Todo resultó responsable,1
Termina siendo confiable,1
Muy bien logrado,1
"En general, se nota el cuidado",1
Termina siendo agradable,1
La experiencia fue buen nivel,1
Se siente impecable,1
"En general, buena onda",1
La experiencia fue agradable,1
Francamente es muy piola,1
Termina siendo la raja,1
Muy amable,1
Termina siendo de calidad,1
"En general, responsable",1
"La verdad, bastante bien pensado",1
La experiencia fue recomendable,1
La experiencia fue rápido,1
La experiencia fue agradable,1
"La verdad, bastante filete",1
Francamente es la raja,1
Se siente muy piola,1
La experiencia fue eficiente,1
Todo resultó responsable,1
Termina siendo amable,1
La experiencia fue amable,1
Todo resultó la raja,1
Francamente es amable,1
Francamente es agradable,1
Muy recomendable,1
Francamente es de calidad,1
"La verdad, bastante filete",1
"En general, bien hecho",1
Termina siendo bien resuelto,1
Se siente prolijo,1
"En general, correcto",1
Termina siendo muy piola,1
La experiencia fue de calidad,1
Se siente prolijo,1
Francamente es responsable,1
La experiencia fue sorprende,1
Francamente es bacán,1
Termina siendo muy piola,1
Se siente impecable,1
Francamente es funciona perfecto,1
Francamente es sorprende,1
Se siente correcto,1
"En general, bien pensado",1
"La verdad, bastante bien hecho",1
Termina siendo buena onda,1
"La verdad, bastante recomendable",1
Muy cumple bien,1
Francamente es funciona perfecto,1
Termina siendo buena onda,1
Muy buen nivel,1
Termina siendo funciona perfecto,1
Se siente filete,1
Francamente es buen nivel,1
Termina siendo agradable,1
"La verdad, bastante muy piola",1
"En general, bien logrado",1
Se siente prolijo,1
"La verdad, bastante filete",1
La experiencia fue impecable,1
"La verdad, bastante de calidad",1
La experiencia fue prolijo,1
La experiencia fue se nota el cuidado,1
Muy bien logrado,1
La experiencia fue agradable,1
"En general, rápido",1
"La verdad, bastante bien pensado",1
Francamente es rápido,1
Muy de calidad,1
Muy se nota el cuidado,1
Termina siendo rápido,1
"En general, responsable",1
Termina siendo prolijo,1
Todo resultó bacán,1
Todo resultó amable,1
Todo resultó bien logrado,1
Muy recomendable,1
"En general, amable",1
Todo resultó responsable,1
Muy funciona perfecto,1
La experiencia fue funciona perfecto,1
Termina siendo rápido,1
Termina siendo confiable,1
Termina siendo bacán,1
Francamente es funciona perfecto,1
Muy correcto,1
Todo resultó bien pensado,1
"La verdad, bastante bien hecho",1
"En general, eficiente",1
"La verdad, bastante cumple bien",1
Se siente funciona perfecto,1
Francamente es cumple bien,1
Se siente de calidad,1
"La verdad, bastante sorprende",1
Francamente es impecable,1
"La verdad, bastante la raja",1
Termina siendo rápido,1
Muy bien resuelto,1
Se siente filete,1
Todo resultó correcto,1
Todo resultó la raja,1
"En general, correcto",1
"La verdad, bastante agradable",1
"La verdad, bastante responsable",1
Se siente la raja,1
Francamente es eficiente,1
Termina siendo correcto,1
Francamente es buena onda,1
"En general, bien pensado",1
"La verdad, bastante confiable",1
Termina siendo bien hecho,1
"En general, bien logrado",1
La experiencia fue muy piola,1
Todo resultó buena onda,1
Todo resultó filete,1
Francamente es impecable,1
Todo resultó buen nivel,1
Se siente bien resuelto,1
La experiencia fue eficiente,1
Muy recomendable,1
Francamente es recomendable,1
Todo resultó la raja,1
Termina siendo eficiente,1
"La verdad, bastante filete",1
"En general, bien resuelto",1
La experiencia fue recomendable,1
Muy bacán,1
Muy recomendable,1
"La verdad, bastante de calidad",1
Termina siendo eficiente,1
Se siente la raja,1
Se siente impecable,1
"En general, amable",1
Muy bacán,1
La experiencia fue bien resuelto,1
La experiencia fue buen nivel,1
Muy correcto,1
La experiencia fue funciona perfecto,1
Francamente es bien hecho,1
"La verdad, bastante impecable",1
Muy sorprende,1
Todo resultó muy piola,1
Muy se nota el cuidado,1
Francamente es confiable,1
Muy sorprende,1
Todo resultó bien logrado,1
Francamente es correcto,1
"En general, se nota el cuidado",1
Francamente es recomendable,1
Se siente funciona perfecto,1
Se siente eficiente,1
Francamente es cumple bien,1
Se siente la raja,1
Muy bien resuelto,1
"En general, impecable",1
La experiencia fue muy piola,1
"La verdad, bastante funciona perfecto",1
Todo resultó bien resuelto,1
La experiencia fue buen nivel,1
Muy bien hecho,1
Muy filete,1
Se siente sorprende,1
Se siente bien hecho,1
Todo resultó la raja,1
Muy prolijo,1
Se siente la raja,1
Muy funciona perfecto,1
Muy sorprende,1
Se siente funciona perfecto,1
La experiencia fue correcto,1
Se siente cumple bien,1
"En general, bien logrado",1
Se siente bacán,1
Todo resultó sorprende,1
La experiencia fue eficiente,1
La experiencia fue muy piola,1
"En general, de calidad",1
La experiencia fue responsable,1
Se siente amable,1
Se siente cumple bien,1
Muy agradable,1
Termina siendo filete,1
Todo resultó bacán,1
Todo resultó filete,1
Se siente agradable,1
Se siente buen nivel,1
Termina siendo bien resuelto,1
Francamente es bien logrado,1
Francamente es se nota el cuidado,1
"En general, buen nivel",1
Muy amable,1
Todo resultó de calidad,1
Todo resultó bien hecho,1
La experiencia fue se nota el cuidado,1
"En general, bien pensado",1
Se siente se nota el cuidado,1
Francamente es filete,1
Se siente cumple bien,1
Muy responsable,1
"En general, amable",1
"En general, buena onda",1
La experiencia fue muy piola,1
Todo resultó muy piola,1
Francamente es filete,1
Se siente eficiente,1
Se siente buena onda,1
Muy sorprende,1
Termina siendo bien logrado,1
"En general, sorprende",1
Termina siendo sorprende,1
La experiencia fue bien resuelto,1
Francamente es bien hecho,1
"En general, impecable",1
Termina siendo filete,1
Muy buen nivel,1
La experiencia fue funciona perfecto,1
La experiencia fue bacán,1
Francamente es correcto,1
Todo resultó la raja,1
"La verdad, bastante buena onda",1
La experiencia fue agradable,1
Se siente recomendable,1
Todo resultó bien hecho,1
La experiencia fue se nota el cuidado,1
Francamente es buen nivel,1
"En general, confiable",1
"La verdad, bastante buen nivel",1
Francamente es sorprende,1
Se siente filete,1
Se siente impecable,1
Se siente muy piola,1
Termina siendo de calidad,1
Se siente la raja,1
Termina siendo agradable,1
Se siente bien hecho,1
Muy bien resuelto,1
"La verdad, bastante confiable",1
Todo resultó la raja,1
Termina siendo impecable,1
Francamente es eficiente,1
Todo resultó sorprende,1
"La verdad, bastante eficiente",1
"En general, se nota el cuidado",1
Se siente funciona perfecto,1
Todo resultó sorprende,1
Francamente es cumple bien,1
Francamente es cumple bien,1
Muy responsable,1
"En general, impecable",1
Francamente es se nota el cuidado,1
Muy recomendable,1
Todo resultó eficiente,1
La experiencia fue muy piola,1
Francamente es rápido,1
Francamente es bien hecho,1
"En general, cumple bien",1
Se siente agradable,1
Todo resultó funciona perfecto,1
Se siente amable,1
"La verdad, bastante funciona perfecto",1
Muy se nota el cuidado,1
Francamente es buena onda,1
Francamente es buen nivel,1
Se siente la raja,1
Termina siendo agradable,1
Se siente se nota el cuidado,1
Termina siendo filete,1
"La verdad, bastante la raja",1
La experiencia fue prolijo,1
Todo resultó cumple bien,1
"La verdad, bastante impecable",1
Todo resultó recomendable,1
Muy la raja,1
Muy agradable,1
Francamente es bien logrado,1
"La verdad, bastante de calidad",1
"La verdad, bastante sorprende",1
Francamente es bien pensado,1
"En general, bacán",1
Muy sorprende,1
Todo resultó funciona perfecto,1
"En general, bacán",1
"En general, buena onda",1
Se siente agradable,1
Termina siendo sorprende,1
Muy buena onda,1
"En general, buen nivel",1
Francamente es sorprende,1
Todo resultó bacán,1
Todo resultó bien resuelto,1
Termina siendo rápido,1
"La verdad, bastante bien hecho",1
Termina siendo muy piola,1
Se siente de calidad,1
Se siente impecable,1
Muy recomendable,1
La experiencia fue bien pensado,1
Se siente agradable,1
Muy recomendable,1
